pid,tests,saved,status_AGREE,status_FOUND,status_NO_MAJORITY,status_NO_VARIANT_OUTPUT,status_PUT_FAIL,label_TP,label_FP,label_NOT_FOUND,label_CANONICAL_FAIL,label_NO_ORACLE,label_PUT_FAIL,tp_count,fp_count,oracle_wrong_count,canonical_fail_count,precision,fixed_found,fixed_no_majority,fixed_tp_count,fixed_fp_count,fixed_precision,fixed_agree,fixed_no_variant_output,fixed_put_fail,report
p02547,100,4,96,4,0,0,0,0,0,96,0,0,0,4,0,0,0,1.0,4,0,4,0,1.0,96,0,0,/data/bc/MyCatcher/outputs/tcases/cpp/p02547/report.txt
p02550,100,0,54,0,46,0,0,0,0,100,0,0,0,0,0,34,0,0,0,71,0,0,0,29,0,0,/data/bc/MyCatcher/outputs/tcases/cpp/p02550/report.txt
p02575,100,0,0,0,100,0,0,0,0,4,0,0,0,0,0,79,0,0,0,100,0,0,0,0,0,0,/data/bc/MyCatcher/outputs/tcases/cpp/p02575/report.txt
p02577,100,16,84,16,0,0,0,16,0,84,0,0,0,16,0,0,0,1.0,16,0,16,0,1.0,84,0,0,/data/bc/MyCatcher/outputs/tcases/cpp/p02577/report.txt
p02580,100,6,0,6,94,0,0,6,0,94,0,0,0,6,0,3,0,1.0,0,100,0,0,0,0,0,0,/data/bc/MyCatcher/outputs/tcases/cpp/p02580/report.txt
p02581,100,0,3,0,97,0,0,0,0,100,0,0,0,0,0,71,0,0,0,97,0,0,0,3,0,0,/data/bc/MyCatcher/outputs/tcases/cpp/p02581/report.txt
p02583,100,1,99,1,0,0,0,1,0,99,0,0,0,1,0,0,0,1.0,1,0,1,0,1.0,99,0,0,/data/bc/MyCatcher/outputs/tcases/cpp/p02583/report.txt
p02585,98,0,9,0,89,0,0,0,0,98,0,0,0,0,0,37,0,0,0,98,0,0,0,0,0,0,/data/bc/MyCatcher/outputs/tcases/cpp/p02585/report.txt
p02590,96,0,25,0,6,65,0,0,0,31,0,65,0,0,0,0,0,0,0,6,0,0,0,25,65,0,/data/bc/MyCatcher/outputs/tcases/cpp/p02590/report.txt
p02594,100,0,100,0,0,0,0,0,0,100,0,0,0,0,0,0,0,0,0,0,0,0,0,100,0,0,/data/bc/MyCatcher/outputs/tcases/cpp/p02594/report.txt
p02598,100,2,98,2,0,0,0,1,1,98,0,0,0,1,1,1,0,0.5,2,0,1,1,0.5,98,0,0,/data/bc/MyCatcher/outputs/tcases/cpp/p02598/report.txt
p02599,100,6,3,6,91,0,0,0,0,2,0,0,0,0,6,97,0,0.0,6,91,0,6,0.0,3,0,0,/data/bc/MyCatcher/outputs/tcases/cpp/p02599/report.txt
p02616,100,0,8,0,82,10,0,0,0,90,0,10,0,0,0,57,0,0,0,82,0,0,0,8,10,0,/data/bc/MyCatcher/outputs/tcases/cpp/p02616/report.txt
p02623,97,56,6,56,35,0,0,0,56,39,2,0,0,0,56,91,2,0.0,56,35,0,56,0.0,6,0,0,/data/bc/MyCatcher/outputs/tcases/cpp/p02623/report.txt
p02635,100,0,3,0,7,90,0,0,0,10,0,90,0,0,0,6,0,0,0,7,0,0,0,3,90,0,/data/bc/MyCatcher/outputs/tcases/cpp/p02635/report.txt
p02636,100,2,4,2,94,0,0,0,2,98,0,0,0,0,2,96,0,0.0,2,96,0,2,0.0,2,0,0,/data/bc/MyCatcher/outputs/tcases/cpp/p02636/report.txt
p02638,96,0,0,0,96,0,0,0,0,96,0,0,0,0,0,96,0,0,0,96,0,0,0,0,0,0,/data/bc/MyCatcher/outputs/tcases/cpp/p02638/report.txt
p02641,100,2,88,2,10,0,0,0,2,98,0,0,0,0,2,12,0,0.0,0,54,0,0,0,46,0,0,/data/bc/MyCatcher/outputs/tcases/cpp/p02641/report.txt
p02652,100,2,3,2,95,0,0,0,2,98,0,0,0,0,2,96,0,0.0,0,99,0,0,0,1,0,0,/data/bc/MyCatcher/outputs/tcases/cpp/p02652/report.txt
p02653,100,88,0,88,12,0,0,0,88,12,0,0,0,0,88,98,0,0.0,73,27,0,73,0.0,0,0,0,/data/bc/MyCatcher/outputs/tcases/cpp/p02653/report.txt
p02659,100,0,34,0,66,0,0,0,0,100,0,0,0,0,0,9,0,0,0,66,0,0,0,34,0,0,/data/bc/MyCatcher/outputs/tcases/cpp/p02659/report.txt
p02669,99,8,28,8,56,7,0,0,1,13,7,1,0,1,7,62,7,0.125,8,56,1,7,0.125,28,7,0,/data/bc/MyCatcher/outputs/tcases/cpp/p02669/report.txt
p02670,100,4,0,4,96,0,0,0,4,95,1,0,0,0,4,99,1,0.0,2,98,0,2,0.0,0,0,0,/data/bc/MyCatcher/outputs/tcases/cpp/p02670/report.txt
p02682,100,3,31,3,66,0,0,2,1,97,0,0,0,2,1,1,0,0.666667,3,66,2,1,0.666667,31,0,0,/data/bc/MyCatcher/outputs/tcases/cpp/p02682/report.txt
p02683,100,7,93,7,0,0,0,7,0,93,0,0,0,7,0,0,0,1.0,7,0,7,0,1.0,93,0,0,/data/bc/MyCatcher/outputs/tcases/cpp/p02683/report.txt
p02689,100,0,7,0,93,0,0,0,0,98,2,0,0,0,0,0,2,0,0,93,0,0,0,7,0,0,/data/bc/MyCatcher/outputs/tcases/cpp/p02689/report.txt
p02695,100,5,95,5,0,0,0,5,0,95,0,0,0,5,0,0,0,1.0,2,14,2,0,1.0,84,0,0,/data/bc/MyCatcher/outputs/tcases/cpp/p02695/report.txt
p02700,100,3,97,3,0,0,0,3,0,97,0,0,0,3,0,0,0,1.0,3,0,3,0,1.0,97,0,0,/data/bc/MyCatcher/outputs/tcases/cpp/p02700/report.txt
p02702,99,0,99,0,0,0,0,0,0,99,0,0,0,0,0,0,0,0,0,85,0,0,0,14,0,0,/data/bc/MyCatcher/outputs/tcases/cpp/p02702/report.txt
p02703,100,0,0,0,100,0,0,0,0,4,0,0,0,0,0,85,0,0,0,100,0,0,0,0,0,0,/data/bc/MyCatcher/outputs/tcases/cpp/p02703/report.txt
p02709,92,0,0,0,92,0,0,0,0,92,0,0,0,0,0,91,0,0,0,92,0,0,0,0,0,0,/data/bc/MyCatcher/outputs/tcases/cpp/p02709/report.txt
p02715,100,0,8,0,92,0,0,0,0,100,0,0,0,0,0,87,0,0,0,92,0,0,0,8,0,0,/data/bc/MyCatcher/outputs/tcases/cpp/p02715/report.txt
p02716,99,3,5,3,91,0,0,1,2,96,0,0,0,1,2,93,0,0.333333,3,91,1,2,0.333333,5,0,0,/data/bc/MyCatcher/outputs/tcases/cpp/p02716/report.txt
p02726,99,0,38,0,61,0,0,0,0,0,0,0,0,0,0,19,0,0,0,99,0,0,0,0,0,0,/data/bc/MyCatcher/outputs/tcases/cpp/p02726/report.txt
p02728,100,0,1,0,99,0,0,0,0,1,0,0,0,0,0,92,7,0,0,100,0,0,0,0,0,0,/data/bc/MyCatcher/outputs/tcases/cpp/p02728/report.txt
p02730,100,0,98,0,0,0,2,0,0,98,0,0,2,0,0,0,0,0,0,0,0,0,0,98,0,2,/data/bc/MyCatcher/outputs/tcases/cpp/p02730/report.txt
p02732,98,97,0,97,0,0,1,0,0,0,0,0,0,0,97,98,0,0.0,97,0,0,97,0.0,0,0,1,/data/bc/MyCatcher/outputs/tcases/cpp/p02732/report.txt
p02733,100,1,3,1,96,0,0,0,1,99,0,0,0,0,1,72,0,0.0,0,98,0,0,0,2,0,0,/data/bc/MyCatcher/outputs/tcases/cpp/p02733/report.txt
p02737,96,0,0,0,9,87,0,0,0,8,1,87,0,0,0,8,1,0,0,9,0,0,0,0,87,0,/data/bc/MyCatcher/outputs/tcases/cpp/p02737/report.txt
p02756,100,18,29,18,11,42,0,18,0,39,1,42,0,18,0,0,1,1.0,18,11,18,0,1.0,29,42,0,/data/bc/MyCatcher/outputs/tcases/cpp/p02756/report.txt
p02758,100,1,0,1,99,0,0,0,1,99,0,0,0,0,1,100,0,0.0,1,99,0,1,0.0,0,0,0,/data/bc/MyCatcher/outputs/tcases/cpp/p02758/report.txt
p02760,100,0,95,0,5,0,0,0,0,100,0,0,0,0,0,0,0,0,0,23,0,0,0,77,0,0,/data/bc/MyCatcher/outputs/tcases/cpp/p02760/report.txt
p02766,100,10,90,10,0,0,0,10,0,90,0,0,0,10,0,0,0,1.0,10,0,10,0,1.0,90,0,0,/data/bc/MyCatcher/outputs/tcases/cpp/p02766/report.txt
p02767,100,48,52,48,0,0,0,48,0,52,0,0,0,48,0,0,0,1.0,48,0,48,0,1.0,52,0,0,/data/bc/MyCatcher/outputs/tcases/cpp/p02767/report.txt
p02775,100,59,0,59,41,0,0,0,59,41,0,0,0,0,59,98,0,0.0,0,100,0,0,0,0,0,0,/data/bc/MyCatcher/outputs/tcases/cpp/p02775/report.txt
p02777,100,1,99,1,0,0,0,1,0,99,0,0,0,1,0,0,0,1.0,1,0,1,0,1.0,99,0,0,/data/bc/MyCatcher/outputs/tcases/cpp/p02777/report.txt
p02781,100,0,29,0,64,7,0,0,0,93,0,7,0,0,0,64,0,0,0,64,0,0,0,29,7,0,/data/bc/MyCatcher/outputs/tcases/cpp/p02781/report.txt
p02787,100,10,5,10,83,0,2,0,10,88,0,0,2,0,10,92,0,0.0,0,93,0,0,0,5,0,2,/data/bc/MyCatcher/outputs/tcases/cpp/p02787/report.txt
p02794,100,0,0,0,100,0,0,0,0,100,0,0,0,0,0,100,0,0,0,100,0,0,0,0,0,0,/data/bc/MyCatcher/outputs/tcases/cpp/p02794/report.txt
p02802,100,0,7,0,93,0,0,0,0,99,1,0,0,0,0,0,1,0,0,93,0,0,0,7,0,0,/data/bc/MyCatcher/outputs/tcases/cpp/p02802/report.txt
p02812,100,0,100,0,0,0,0,0,0,100,0,0,0,0,0,0,0,0,0,0,0,0,0,100,0,0,/data/bc/MyCatcher/outputs/tcases/cpp/p02812/report.txt
p02830,100,3,97,3,0,0,0,3,0,96,0,1,0,3,0,0,0,1.0,3,0,3,0,1.0,97,0,0,/data/bc/MyCatcher/outputs/tcases/cpp/p02830/report.txt
p02832,95,68,0,68,27,0,0,29,39,27,0,0,0,29,39,66,0,0.426471,68,27,29,39,0.426471,0,0,0,/data/bc/MyCatcher/outputs/tcases/cpp/p02832/report.txt
p02838,100,90,10,90,0,0,0,0,90,10,0,0,0,0,90,90,0,0.0,90,0,0,90,0.0,10,0,0,/data/bc/MyCatcher/outputs/tcases/cpp/p02838/report.txt
p02840,100,15,4,15,81,0,0,0,15,85,0,0,0,0,15,95,0,0.0,0,97,0,0,0,3,0,0,/data/bc/MyCatcher/outputs/tcases/cpp/p02840/report.txt
p02860,100,0,100,0,0,0,0,0,0,100,0,0,0,0,0,0,0,0,0,0,0,0,0,100,0,0,/data/bc/MyCatcher/outputs/tcases/cpp/p02860/report.txt
p02891,100,0,25,0,75,0,0,0,0,100,0,0,0,0,0,72,0,0,0,75,0,0,0,25,0,0,/data/bc/MyCatcher/outputs/tcases/cpp/p02891/report.txt
p02895,100,10,5,10,85,0,0,0,10,90,0,0,0,0,10,68,0,0.0,0,97,0,0,0,3,0,0,/data/bc/MyCatcher/outputs/tcases/cpp/p02895/report.txt
p02900,100,12,55,12,33,0,0,12,0,88,0,0,0,12,0,33,0,1.0,12,43,12,0,1.0,45,0,0,/data/bc/MyCatcher/outputs/tcases/cpp/p02900/report.txt
p02905,92,2,2,2,40,48,0,0,2,42,0,48,0,0,2,2,0,0.0,2,40,0,2,0.0,2,48,0,/data/bc/MyCatcher/outputs/tcases/cpp/p02905/report.txt
p02906,100,18,31,18,51,0,0,0,18,82,0,0,0,0,18,31,0,0.0,0,83,0,0,0,17,0,0,/data/bc/MyCatcher/outputs/tcases/cpp/p02906/report.txt
p02907,100,0,0,0,100,0,0,0,0,100,0,0,0,0,0,100,0,0,0,100,0,0,0,0,0,0,/data/bc/MyCatcher/outputs/tcases/cpp/p02907/report.txt
p02913,100,31,18,31,51,0,0,0,31,69,0,0,0,0,31,67,0,0.0,4,78,0,4,0.0,18,0,0,/data/bc/MyCatcher/outputs/tcases/cpp/p02913/report.txt
p02917,100,100,0,100,0,0,0,100,0,0,0,0,0,100,0,0,0,1.0,100,0,100,0,1.0,0,0,0,/data/bc/MyCatcher/outputs/tcases/cpp/p02917/report.txt
p02937,100,0,0,0,100,0,0,0,0,100,0,0,0,0,0,2,0,0,0,100,0,0,0,0,0,0,/data/bc/MyCatcher/outputs/tcases/cpp/p02937/report.txt
p02943,95,1,2,1,92,0,0,0,1,93,1,0,0,0,1,92,1,0.0,1,92,0,1,0.0,2,0,0,/data/bc/MyCatcher/outputs/tcases/cpp/p02943/report.txt
p02956,100,0,0,0,100,0,0,0,0,100,0,0,0,0,0,96,0,0,0,100,0,0,0,0,0,0,/data/bc/MyCatcher/outputs/tcases/cpp/p02956/report.txt
p02958,100,0,100,0,0,0,0,0,0,100,0,0,0,0,0,0,0,0,0,0,0,0,0,100,0,0,/data/bc/MyCatcher/outputs/tcases/cpp/p02958/report.txt
p02962,98,73,15,73,10,0,0,0,73,24,1,0,0,0,73,93,1,0.0,0,97,0,0,0,1,0,0,/data/bc/MyCatcher/outputs/tcases/cpp/p02962/report.txt
p02964,96,21,2,21,50,23,0,0,0,51,0,45,0,0,0,49,0,0,21,50,0,0,0,2,23,0,/data/bc/MyCatcher/outputs/tcases/cpp/p02964/report.txt
p02969,99,0,99,0,0,0,0,0,0,99,0,0,0,0,0,0,0,0,0,0,0,0,0,99,0,0,/data/bc/MyCatcher/outputs/tcases/cpp/p02969/report.txt
p02971,99,8,12,8,57,22,0,0,0,0,0,0,0,8,0,31,0,1.0,7,60,7,0,1.0,10,22,0,/data/bc/MyCatcher/outputs/tcases/cpp/p02971/report.txt
p02974,100,8,51,8,41,0,0,4,4,92,0,0,0,4,4,44,0,0.5,8,41,4,4,0.5,51,0,0,/data/bc/MyCatcher/outputs/tcases/cpp/p02974/report.txt
p02983,100,28,34,28,0,38,0,2,26,34,0,38,0,2,26,27,0,0.071429,28,0,2,26,0.071429,34,38,0,/data/bc/MyCatcher/outputs/tcases/cpp/p02983/report.txt
p02990,100,0,11,0,89,0,0,0,0,2,0,10,0,0,0,88,0,0,0,89,0,0,0,11,0,0,/data/bc/MyCatcher/outputs/tcases/cpp/p02990/report.txt
p02992,100,1,5,1,62,32,0,0,1,67,0,32,0,0,1,62,0,0.0,0,63,0,0,0,5,32,0,/data/bc/MyCatcher/outputs/tcases/cpp/p02992/report.txt
p02996,100,22,78,22,0,0,0,22,0,78,0,0,0,22,0,0,0,1.0,22,0,22,0,1.0,78,0,0,/data/bc/MyCatcher/outputs/tcases/cpp/p02996/report.txt
p02998,92,0,60,0,32,0,0,0,0,91,1,0,0,0,0,29,1,0,0,54,0,0,0,38,0,0,/data/bc/MyCatcher/outputs/tcases/cpp/p02998/report.txt
p03000,100,72,28,72,0,0,0,72,0,28,0,0,0,72,0,0,0,1.0,72,0,72,0,1.0,28,0,0,/data/bc/MyCatcher/outputs/tcases/cpp/p03000/report.txt
p03013,100,0,0,0,100,0,0,0,0,100,0,0,0,0,0,0,0,0,0,100,0,0,0,0,0,0,/data/bc/MyCatcher/outputs/tcases/cpp/p03013/report.txt
p03014,100,1,11,1,1,0,87,1,0,12,0,0,87,1,0,0,0,1.0,1,2,1,0,1.0,11,0,86,/data/bc/MyCatcher/outputs/tcases/cpp/p03014/report.txt
p03017,100,33,65,33,2,0,0,21,12,67,0,0,0,21,12,12,0,0.636364,23,12,21,2,0.913043,65,0,0,/data/bc/MyCatcher/outputs/tcases/cpp/p03017/report.txt
p03019,99,9,2,9,88,0,0,0,9,90,0,0,0,0,9,97,0,0.0,1,96,0,1,0.0,2,0,0,/data/bc/MyCatcher/outputs/tcases/cpp/p03019/report.txt
p03031,100,9,91,9,0,0,0,9,0,91,0,0,0,9,0,0,0,1.0,9,0,9,0,1.0,91,0,0,/data/bc/MyCatcher/outputs/tcases/cpp/p03031/report.txt
p03032,100,2,12,2,86,0,0,2,0,98,0,0,0,2,0,9,0,1.0,1,88,1,0,1.0,11,0,0,/data/bc/MyCatcher/outputs/tcases/cpp/p03032/report.txt
p03039,100,0,0,0,100,0,0,0,0,100,0,0,0,0,0,100,0,0,0,100,0,0,0,0,0,0,/data/bc/MyCatcher/outputs/tcases/cpp/p03039/report.txt
p03042,100,1,99,1,0,0,0,1,0,99,0,0,0,1,0,0,0,1.0,1,0,1,0,1.0,99,0,0,/data/bc/MyCatcher/outputs/tcases/cpp/p03042/report.txt
p03053,95,5,90,5,0,0,0,5,0,90,0,0,0,5,0,0,0,1.0,5,0,5,0,1.0,90,0,0,/data/bc/MyCatcher/outputs/tcases/cpp/p03053/report.txt
p03056,100,0,2,0,98,0,0,0,0,100,0,0,0,0,0,95,0,0,0,98,0,0,0,2,0,0,/data/bc/MyCatcher/outputs/tcases/cpp/p03056/report.txt
p03073,100,82,18,82,0,0,0,0,82,18,0,0,0,0,82,82,0,0.0,82,0,0,82,0.0,18,0,0,/data/bc/MyCatcher/outputs/tcases/cpp/p03073/report.txt
p03074,100,0,0,0,99,0,1,0,0,98,1,0,1,0,0,63,1,0,0,100,0,0,0,0,0,0,/data/bc/MyCatcher/outputs/tcases/cpp/p03074/report.txt
p03076,100,0,0,0,99,0,1,0,0,99,0,0,1,0,0,99,0,0,0,99,0,0,0,0,0,1,/data/bc/MyCatcher/outputs/tcases/cpp/p03076/report.txt
p03078,92,0,37,0,0,0,55,0,0,2,0,0,0,0,0,0,0,0,0,0,0,0,0,37,0,55,/data/bc/MyCatcher/outputs/tcases/cpp/p03078/report.txt
p03087,100,66,32,66,1,1,0,1,0,1,0,0,0,66,0,0,0,1.0,66,1,66,0,1.0,32,1,0,/data/bc/MyCatcher/outputs/tcases/cpp/p03087/report.txt
p03088,100,0,0,0,100,0,0,0,0,100,0,0,0,0,0,0,0,0,0,100,0,0,0,0,0,0,/data/bc/MyCatcher/outputs/tcases/cpp/p03088/report.txt
p03089,99,72,27,72,0,0,0,0,0,25,0,0,0,2,70,70,0,0.027778,63,11,2,61,0.031746,25,0,0,/data/bc/MyCatcher/outputs/tcases/cpp/p03089/report.txt
p03100,49,3,0,3,46,0,0,0,1,0,0,0,0,0,3,48,1,0.0,0,49,0,0,0,0,0,0,/data/bc/MyCatcher/outputs/tcases/cpp/p03100/report.txt
p03112,100,0,2,0,98,0,0,0,0,4,0,0,0,0,0,93,0,0,0,98,0,0,0,2,0,0,/data/bc/MyCatcher/outputs/tcases/cpp/p03112/report.txt
p03126,100,0,100,0,0,0,0,0,0,100,0,0,0,0,0,0,0,0,0,0,0,0,0,100,0,0,/data/bc/MyCatcher/outputs/tcases/cpp/p03126/report.txt
p03146,10,1,9,1,0,0,0,1,0,9,0,0,0,1,0,0,0,1.0,1,0,1,0,1.0,9,0,0,/data/bc/MyCatcher/outputs/tcases/cpp/p03146/report.txt
p03148,99,0,19,0,79,0,1,0,0,98,0,0,1,0,0,1,0,0,0,79,0,0,0,19,0,1,/data/bc/MyCatcher/outputs/tcases/cpp/p03148/report.txt
p03191,10,0,0,0,10,0,0,0,0,10,0,0,0,0,0,9,0,0,0,10,0,0,0,0,0,0,/data/bc/MyCatcher/outputs/tcases/cpp/p03191/report.txt
p03202,100,6,3,6,91,0,0,0,6,92,2,0,0,0,6,83,2,0.0,6,91,0,6,0.0,3,0,0,/data/bc/MyCatcher/outputs/tcases/cpp/p03202/report.txt
p03203,99,1,2,1,96,0,0,0,1,98,0,0,0,0,1,98,0,0.0,1,96,0,1,0.0,2,0,0,/data/bc/MyCatcher/outputs/tcases/cpp/p03203/report.txt
p03213,100,73,12,73,15,0,0,0,73,27,0,0,0,0,73,88,0,0.0,31,57,0,31,0.0,12,0,0,/data/bc/MyCatcher/outputs/tcases/cpp/p03213/report.txt
p03235,100,16,73,16,11,0,0,0,16,84,0,0,0,0,16,96,0,0.0,15,18,0,15,0.0,67,0,0,/data/bc/MyCatcher/outputs/tcases/cpp/p03235/report.txt
p03239,100,11,89,11,0,0,0,11,0,89,0,0,0,11,0,0,0,1.0,11,0,11,0,1.0,89,0,0,/data/bc/MyCatcher/outputs/tcases/cpp/p03239/report.txt
p03241,100,0,23,0,77,0,0,0,0,100,0,0,0,0,0,0,0,0,0,78,0,0,0,22,0,0,/data/bc/MyCatcher/outputs/tcases/cpp/p03241/report.txt
p03253,100,0,3,0,97,0,0,0,0,91,9,0,0,0,0,88,9,0,0,97,0,0,0,3,0,0,/data/bc/MyCatcher/outputs/tcases/cpp/p03253/report.txt
p03262,97,96,1,96,0,0,0,1,95,1,0,0,0,1,95,95,0,0.010417,96,0,1,95,0.010417,1,0,0,/data/bc/MyCatcher/outputs/tcases/cpp/p03262/report.txt
p03272,100,0,100,0,0,0,0,0,0,100,0,0,0,0,0,0,0,0,0,0,0,0,0,100,0,0,/data/bc/MyCatcher/outputs/tcases/cpp/p03272/report.txt
p03282,100,0,57,0,43,0,0,0,0,99,1,0,0,0,0,6,1,0,0,100,0,0,0,0,0,0,/data/bc/MyCatcher/outputs/tcases/cpp/p03282/report.txt
p03284,100,40,19,40,41,0,0,4,36,60,0,0,0,4,36,36,0,0.1,5,76,4,1,0.8,19,0,0,/data/bc/MyCatcher/outputs/tcases/cpp/p03284/report.txt
p03285,100,29,71,29,0,0,0,29,0,71,0,0,0,29,0,0,0,1.0,29,0,29,0,1.0,71,0,0,/data/bc/MyCatcher/outputs/tcases/cpp/p03285/report.txt
p03290,100,0,0,0,100,0,0,0,0,100,0,0,0,0,0,2,0,0,0,100,0,0,0,0,0,0,/data/bc/MyCatcher/outputs/tcases/cpp/p03290/report.txt
p03292,100,16,84,16,0,0,0,16,0,84,0,0,0,16,0,0,0,1.0,16,0,16,0,1.0,84,0,0,/data/bc/MyCatcher/outputs/tcases/cpp/p03292/report.txt
p03296,100,0,100,0,0,0,0,0,0,100,0,0,0,0,0,0,0,0,0,0,0,0,0,100,0,0,/data/bc/MyCatcher/outputs/tcases/cpp/p03296/report.txt
p03313,100,5,14,5,81,0,0,0,0,5,0,0,0,0,5,86,1,0.0,0,86,0,0,0,14,0,0,/data/bc/MyCatcher/outputs/tcases/cpp/p03313/report.txt
p03314,94,0,1,0,93,0,0,0,0,94,0,0,0,0,0,86,0,0,0,93,0,0,0,1,0,0,/data/bc/MyCatcher/outputs/tcases/cpp/p03314/report.txt
p03322,100,11,1,11,88,0,0,0,11,89,0,0,0,0,11,95,0,0.0,7,92,0,7,0.0,1,0,0,/data/bc/MyCatcher/outputs/tcases/cpp/p03322/report.txt
p03323,100,30,70,30,0,0,0,30,0,70,0,0,0,30,0,0,0,1.0,30,0,30,0,1.0,70,0,0,/data/bc/MyCatcher/outputs/tcases/cpp/p03323/report.txt
p03326,98,41,10,41,47,0,0,0,41,57,0,0,0,0,41,83,0,0.0,0,89,0,0,0,9,0,0,/data/bc/MyCatcher/outputs/tcases/cpp/p03326/report.txt
p03329,100,1,58,1,41,0,0,1,0,99,0,0,0,1,0,0,0,1.0,0,85,0,0,0,15,0,0,/data/bc/MyCatcher/outputs/tcases/cpp/p03329/report.txt
p03331,100,0,0,0,100,0,0,0,0,100,0,0,0,0,0,0,0,0,0,100,0,0,0,0,0,0,/data/bc/MyCatcher/outputs/tcases/cpp/p03331/report.txt
p03332,100,1,78,1,21,0,0,0,1,99,0,0,0,0,1,7,0,0.0,0,22,0,0,0,78,0,0,/data/bc/MyCatcher/outputs/tcases/cpp/p03332/report.txt
p03336,93,0,1,0,92,0,0,0,0,0,0,0,0,0,0,92,0,0,0,93,0,0,0,0,0,0,/data/bc/MyCatcher/outputs/tcases/cpp/p03336/report.txt
p03338,100,1,99,1,0,0,0,1,0,99,0,0,0,1,0,0,0,1.0,1,0,1,0,1.0,99,0,0,/data/bc/MyCatcher/outputs/tcases/cpp/p03338/report.txt
p03343,95,0,0,0,95,0,0,0,0,95,0,0,0,0,0,91,0,0,0,95,0,0,0,0,0,0,/data/bc/MyCatcher/outputs/tcases/cpp/p03343/report.txt
p03348,100,0,0,0,100,0,0,0,0,100,0,0,0,0,0,93,0,0,0,100,0,0,0,0,0,0,/data/bc/MyCatcher/outputs/tcases/cpp/p03348/report.txt
p03350,100,20,11,20,69,0,0,0,1,15,0,84,0,0,1,14,0,0.0,0,92,0,0,0,8,0,0,/data/bc/MyCatcher/outputs/tcases/cpp/p03350/report.txt
p03351,100,16,84,16,0,0,0,16,0,84,0,0,0,16,0,0,0,1.0,16,0,16,0,1.0,84,0,0,/data/bc/MyCatcher/outputs/tcases/cpp/p03351/report.txt
p03352,100,13,87,13,0,0,0,2,11,87,0,0,0,2,11,11,0,0.153846,2,11,2,0,1.0,87,0,0,/data/bc/MyCatcher/outputs/tcases/cpp/p03352/report.txt
p03361,100,61,37,61,2,0,0,61,0,39,0,0,0,61,0,0,0,1.0,61,2,61,0,1.0,37,0,0,/data/bc/MyCatcher/outputs/tcases/cpp/p03361/report.txt
p03365,100,81,0,81,19,0,0,0,81,19,0,0,0,0,81,100,0,0.0,19,81,0,19,0.0,0,0,0,/data/bc/MyCatcher/outputs/tcases/cpp/p03365/report.txt
p03374,100,95,0,95,5,0,0,32,63,5,0,0,0,32,63,66,0,0.336842,93,7,30,63,0.322581,0,0,0,/data/bc/MyCatcher/outputs/tcases/cpp/p03374/report.txt
p03391,96,4,1,4,91,0,0,0,4,92,0,0,0,0,4,95,0,0.0,3,92,0,3,0.0,1,0,0,/data/bc/MyCatcher/outputs/tcases/cpp/p03391/report.txt
p03393,100,70,1,70,29,0,0,0,70,30,0,0,0,0,70,98,0,0.0,62,37,0,62,0.0,1,0,0,/data/bc/MyCatcher/outputs/tcases/cpp/p03393/report.txt
p03396,98,0,0,0,98,0,0,0,0,97,1,0,0,0,0,96,1,0,0,98,0,0,0,0,0,0,/data/bc/MyCatcher/outputs/tcases/cpp/p03396/report.txt
p03400,99,88,11,88,0,0,0,0,88,11,0,0,0,0,88,88,0,0.0,87,1,0,87,0.0,11,0,0,/data/bc/MyCatcher/outputs/tcases/cpp/p03400/report.txt
p03403,100,1,1,1,98,0,0,0,0,0,0,0,0,1,0,98,0,1.0,1,98,1,0,1.0,1,0,0,/data/bc/MyCatcher/outputs/tcases/cpp/p03403/report.txt
p03406,100,25,0,25,75,0,0,12,13,75,0,0,0,12,13,81,0,0.48,7,93,7,0,1.0,0,0,0,/data/bc/MyCatcher/outputs/tcases/cpp/p03406/report.txt
p03408,100,5,95,5,0,0,0,5,0,95,0,0,0,5,0,0,0,1.0,5,0,5,0,1.0,95,0,0,/data/bc/MyCatcher/outputs/tcases/cpp/p03408/report.txt
p03421,100,6,44,6,50,0,0,0,6,94,0,0,0,0,6,29,0,0.0,6,50,0,6,0.0,44,0,0,/data/bc/MyCatcher/outputs/tcases/cpp/p03421/report.txt
p03424,99,5,94,5,0,0,0,2,3,94,0,0,0,2,3,3,0,0.4,5,0,2,3,0.4,94,0,0,/data/bc/MyCatcher/outputs/tcases/cpp/p03424/report.txt
p03427,100,61,12,61,27,0,0,0,61,39,0,0,0,0,61,88,0,0.0,61,27,0,61,0.0,12,0,0,/data/bc/MyCatcher/outputs/tcases/cpp/p03427/report.txt
p03431,100,0,0,0,100,0,0,0,0,100,0,0,0,0,0,57,0,0,0,100,0,0,0,0,0,0,/data/bc/MyCatcher/outputs/tcases/cpp/p03431/report.txt
p03434,100,100,0,100,0,0,0,100,0,0,0,0,0,100,0,0,0,1.0,100,0,100,0,1.0,0,0,0,/data/bc/MyCatcher/outputs/tcases/cpp/p03434/report.txt
p03435,100,5,95,5,0,0,0,0,5,95,0,0,0,0,5,5,0,0.0,5,3,0,5,0.0,92,0,0,/data/bc/MyCatcher/outputs/tcases/cpp/p03435/report.txt
p03452,50,0,44,0,6,0,0,0,0,50,0,0,0,0,0,0,0,0,0,6,0,0,0,44,0,0,/data/bc/MyCatcher/outputs/tcases/cpp/p03452/report.txt
p03456,100,6,94,6,0,0,0,6,0,94,0,0,0,6,0,0,0,1.0,6,0,6,0,1.0,94,0,0,/data/bc/MyCatcher/outputs/tcases/cpp/p03456/report.txt
p03458,100,0,12,0,88,0,0,0,0,100,0,0,0,0,0,84,0,0,0,92,0,0,0,8,0,0,/data/bc/MyCatcher/outputs/tcases/cpp/p03458/report.txt
p03462,100,0,0,0,100,0,0,0,0,100,0,0,0,0,0,95,0,0,0,100,0,0,0,0,0,0,/data/bc/MyCatcher/outputs/tcases/cpp/p03462/report.txt
p03469,99,0,99,0,0,0,0,0,0,99,0,0,0,0,0,0,0,0,0,0,0,0,0,99,0,0,/data/bc/MyCatcher/outputs/tcases/cpp/p03469/report.txt
p03475,94,1,92,1,0,1,0,0,0,2,0,1,0,1,0,0,0,1.0,1,0,1,0,1.0,92,1,0,/data/bc/MyCatcher/outputs/tcases/cpp/p03475/report.txt
p03484,100,0,3,0,97,0,0,0,0,97,3,0,0,0,0,94,3,0,0,97,0,0,0,3,0,0,/data/bc/MyCatcher/outputs/tcases/cpp/p03484/report.txt
p03492,64,0,0,0,64,0,0,0,0,64,0,0,0,0,0,64,0,0,0,64,0,0,0,0,0,0,/data/bc/MyCatcher/outputs/tcases/cpp/p03492/report.txt
p03494,100,31,68,31,0,1,0,31,0,68,1,0,0,31,0,0,1,1.0,31,0,31,0,1.0,68,1,0,/data/bc/MyCatcher/outputs/tcases/cpp/p03494/report.txt
p03497,95,0,0,0,95,0,0,0,0,95,0,0,0,0,0,93,0,0,0,95,0,0,0,0,0,0,/data/bc/MyCatcher/outputs/tcases/cpp/p03497/report.txt
p03500,100,1,0,1,99,0,0,0,1,99,0,0,0,0,1,99,0,0.0,0,100,0,0,0,0,0,0,/data/bc/MyCatcher/outputs/tcases/cpp/p03500/report.txt
p03502,100,0,99,0,0,1,0,0,0,99,1,0,0,0,0,0,1,0,0,0,0,0,0,99,1,0,/data/bc/MyCatcher/outputs/tcases/cpp/p03502/report.txt
p03503,92,45,47,45,0,0,0,45,0,47,0,0,0,45,0,0,0,1.0,45,0,45,0,1.0,47,0,0,/data/bc/MyCatcher/outputs/tcases/cpp/p03503/report.txt
p03543,100,1,99,1,0,0,0,1,0,99,0,0,0,1,0,0,0,1.0,1,0,1,0,1.0,99,0,0,/data/bc/MyCatcher/outputs/tcases/cpp/p03543/report.txt
p03544,100,0,100,0,0,0,0,0,0,100,0,0,0,0,0,0,0,0,0,0,0,0,0,100,0,0,/data/bc/MyCatcher/outputs/tcases/cpp/p03544/report.txt
p03546,92,90,1,90,0,0,1,90,0,1,0,0,1,90,0,1,0,1.0,90,0,90,0,1.0,1,0,1,/data/bc/MyCatcher/outputs/tcases/cpp/p03546/report.txt
p03553,100,1,5,1,94,0,0,1,0,99,0,0,0,1,0,92,0,1.0,1,94,1,0,1.0,5,0,0,/data/bc/MyCatcher/outputs/tcases/cpp/p03553/report.txt
p03558,100,0,1,0,99,0,0,0,0,100,0,0,0,0,0,96,0,0,0,100,0,0,0,0,0,0,/data/bc/MyCatcher/outputs/tcases/cpp/p03558/report.txt
p03562,100,1,1,1,98,0,0,0,1,99,0,0,0,0,1,98,0,0.0,0,100,0,0,0,0,0,0,/data/bc/MyCatcher/outputs/tcases/cpp/p03562/report.txt
p03573,100,0,100,0,0,0,0,0,0,100,0,0,0,0,0,0,0,0,0,0,0,0,0,100,0,0,/data/bc/MyCatcher/outputs/tcases/cpp/p03573/report.txt
p03574,100,6,94,6,0,0,0,1,0,8,0,0,0,6,0,0,0,1.0,6,0,6,0,1.0,94,0,0,/data/bc/MyCatcher/outputs/tcases/cpp/p03574/report.txt
p03575,100,5,95,5,0,0,0,0,5,95,0,0,0,0,5,5,0,0.0,5,0,0,5,0.0,95,0,0,/data/bc/MyCatcher/outputs/tcases/cpp/p03575/report.txt
p03604,100,0,0,0,100,0,0,0,0,100,0,0,0,0,0,7,0,0,0,100,0,0,0,0,0,0,/data/bc/MyCatcher/outputs/tcases/cpp/p03604/report.txt
p03608,93,87,6,87,0,0,0,87,0,5,1,0,0,87,0,0,1,1.0,87,0,87,0,1.0,6,0,0,/data/bc/MyCatcher/outputs/tcases/cpp/p03608/report.txt
p03613,100,0,5,0,95,0,0,0,0,100,0,0,0,0,0,79,0,0,0,97,0,0,0,3,0,0,/data/bc/MyCatcher/outputs/tcases/cpp/p03613/report.txt
p03616,100,0,4,0,96,0,0,0,0,2,0,2,0,0,0,96,0,0,0,96,0,0,0,4,0,0,/data/bc/MyCatcher/outputs/tcases/cpp/p03616/report.txt
p03617,100,0,1,0,99,0,0,0,0,100,0,0,0,0,0,76,0,0,0,99,0,0,0,1,0,0,/data/bc/MyCatcher/outputs/tcases/cpp/p03617/report.txt
p03620,100,96,4,96,0,0,0,0,96,4,0,0,0,0,96,96,0,0.0,95,1,0,95,0.0,4,0,0,/data/bc/MyCatcher/outputs/tcases/cpp/p03620/report.txt
p03625,100,5,45,5,50,0,0,5,0,95,0,0,0,5,0,36,0,1.0,1,54,1,0,1.0,45,0,0,/data/bc/MyCatcher/outputs/tcases/cpp/p03625/report.txt
p03629,100,0,2,0,98,0,0,0,0,98,0,2,0,0,0,91,0,0,0,99,0,0,0,1,0,0,/data/bc/MyCatcher/outputs/tcases/cpp/p03629/report.txt
p03630,100,6,0,6,94,0,0,0,6,94,0,0,0,0,6,100,0,0.0,6,94,0,6,0.0,0,0,0,/data/bc/MyCatcher/outputs/tcases/cpp/p03630/report.txt
p03642,100,1,0,1,99,0,0,0,1,99,0,0,0,0,1,59,0,0.0,1,99,0,1,0.0,0,0,0,/data/bc/MyCatcher/outputs/tcases/cpp/p03642/report.txt
p03644,100,0,17,0,83,0,0,0,0,100,0,0,0,0,0,0,0,0,0,83,0,0,0,17,0,0,/data/bc/MyCatcher/outputs/tcases/cpp/p03644/report.txt
p03647,61,0,60,0,1,0,0,0,0,61,0,0,0,0,0,2,0,0,0,1,0,0,0,60,0,0,/data/bc/MyCatcher/outputs/tcases/cpp/p03647/report.txt
p03652,97,81,4,81,12,0,0,0,81,16,0,0,0,0,81,90,0,0.0,79,14,0,79,0.0,4,0,0,/data/bc/MyCatcher/outputs/tcases/cpp/p03652/report.txt
p03664,100,20,1,20,79,0,0,0,20,80,0,0,0,0,20,99,0,0.0,20,79,0,20,0.0,1,0,0,/data/bc/MyCatcher/outputs/tcases/cpp/p03664/report.txt
p03665,100,6,53,6,41,0,0,1,5,94,0,0,0,1,5,36,0,0.166667,6,41,1,5,0.166667,53,0,0,/data/bc/MyCatcher/outputs/tcases/cpp/p03665/report.txt
p03679,100,35,65,35,0,0,0,0,0,82,0,0,0,18,0,0,0,1.0,35,0,18,0,1.0,65,0,0,/data/bc/MyCatcher/outputs/tcases/cpp/p03679/report.txt
p03684,100,8,6,8,86,0,0,0,8,92,0,0,0,0,8,94,0,0.0,2,92,0,2,0.0,6,0,0,/data/bc/MyCatcher/outputs/tcases/cpp/p03684/report.txt
p03686,100,8,4,8,87,0,1,0,8,91,0,0,1,0,8,92,0,0.0,4,91,0,4,0.0,4,0,1,/data/bc/MyCatcher/outputs/tcases/cpp/p03686/report.txt
p03695,100,95,0,95,5,0,0,95,0,5,0,0,0,95,0,4,0,1.0,95,5,95,0,1.0,0,0,0,/data/bc/MyCatcher/outputs/tcases/cpp/p03695/report.txt
p03698,100,0,100,0,0,0,0,0,0,100,0,0,0,0,0,0,0,0,0,0,0,0,0,100,0,0,/data/bc/MyCatcher/outputs/tcases/cpp/p03698/report.txt
p03699,100,95,2,95,3,0,0,79,16,5,0,0,0,79,16,19,0,0.831579,95,3,79,16,0.831579,2,0,0,/data/bc/MyCatcher/outputs/tcases/cpp/p03699/report.txt
p03703,100,1,7,1,35,57,0,1,0,42,0,57,0,1,0,13,0,1.0,1,35,1,0,1.0,7,57,0,/data/bc/MyCatcher/outputs/tcases/cpp/p03703/report.txt
p03705,100,6,56,6,38,0,0,6,0,94,0,0,0,6,0,38,0,1.0,6,38,6,0,1.0,56,0,0,/data/bc/MyCatcher/outputs/tcases/cpp/p03705/report.txt
p03713,100,0,55,0,45,0,0,0,0,100,0,0,0,0,0,38,0,0,0,46,0,0,0,54,0,0,/data/bc/MyCatcher/outputs/tcases/cpp/p03713/report.txt
p03718,98,5,0,5,93,0,0,0,5,93,0,0,0,0,5,96,0,0.0,4,94,0,4,0.0,0,0,0,/data/bc/MyCatcher/outputs/tcases/cpp/p03718/report.txt
p03719,100,2,98,2,0,0,0,2,0,98,0,0,0,2,0,0,0,1.0,2,0,2,0,1.0,98,0,0,/data/bc/MyCatcher/outputs/tcases/cpp/p03719/report.txt
p03723,100,0,100,0,0,0,0,0,0,100,0,0,0,0,0,0,0,0,0,0,0,0,0,100,0,0,/data/bc/MyCatcher/outputs/tcases/cpp/p03723/report.txt
p03725,96,0,0,0,96,0,0,0,0,95,1,0,0,0,0,38,1,0,0,96,0,0,0,0,0,0,/data/bc/MyCatcher/outputs/tcases/cpp/p03725/report.txt
p03730,100,3,97,3,0,0,0,3,0,97,0,0,0,3,0,0,0,1.0,1,62,1,0,1.0,37,0,0,/data/bc/MyCatcher/outputs/tcases/cpp/p03730/report.txt
p03734,30,0,7,0,13,10,0,0,0,20,0,10,0,0,0,0,0,0,0,13,0,0,0,7,10,0,/data/bc/MyCatcher/outputs/tcases/cpp/p03734/report.txt
p03747,100,47,2,47,51,0,0,0,0,1,0,0,0,0,47,98,0,0.0,36,62,0,36,0.0,2,0,0,/data/bc/MyCatcher/outputs/tcases/cpp/p03747/report.txt
p03750,100,0,4,0,95,1,0,0,0,2,4,0,0,0,0,93,5,0,0,95,0,0,0,4,1,0,/data/bc/MyCatcher/outputs/tcases/cpp/p03750/report.txt
p03765,100,88,7,88,5,0,0,0,4,6,0,0,0,0,88,93,0,0.0,84,9,0,84,0.0,7,0,0,/data/bc/MyCatcher/outputs/tcases/cpp/p03765/report.txt
p03770,60,0,0,0,60,0,0,0,0,59,1,0,0,0,0,50,1,0,0,60,0,0,0,0,0,0,/data/bc/MyCatcher/outputs/tcases/cpp/p03770/report.txt
p03774,93,0,93,0,0,0,0,0,0,4,0,0,0,0,0,0,0,0,0,0,0,0,0,93,0,0,/data/bc/MyCatcher/outputs/tcases/cpp/p03774/report.txt
p03775,100,0,0,0,100,0,0,0,0,100,0,0,0,0,0,9,0,0,0,100,0,0,0,0,0,0,/data/bc/MyCatcher/outputs/tcases/cpp/p03775/report.txt
p03778,100,27,73,27,0,0,0,27,0,73,0,0,0,27,0,0,0,1.0,27,0,27,0,1.0,73,0,0,/data/bc/MyCatcher/outputs/tcases/cpp/p03778/report.txt
p03788,92,0,1,0,91,0,0,0,0,92,0,0,0,0,0,85,0,0,0,91,0,0,0,1,0,0,/data/bc/MyCatcher/outputs/tcases/cpp/p03788/report.txt
p03799,99,41,58,41,0,0,0,25,16,58,0,0,0,25,16,16,0,0.609756,41,0,25,16,0.609756,58,0,0,/data/bc/MyCatcher/outputs/tcases/cpp/p03799/report.txt
p03802,96,86,9,86,0,0,1,0,86,9,1,0,0,0,86,86,1,0.0,86,0,0,86,0.0,9,0,1,/data/bc/MyCatcher/outputs/tcases/cpp/p03802/report.txt
p03803,100,18,82,18,0,0,0,18,0,82,0,0,0,18,0,0,0,1.0,18,0,18,0,1.0,82,0,0,/data/bc/MyCatcher/outputs/tcases/cpp/p03803/report.txt
p03804,100,2,98,2,0,0,0,2,0,98,0,0,0,2,0,0,0,1.0,2,0,2,0,1.0,98,0,0,/data/bc/MyCatcher/outputs/tcases/cpp/p03804/report.txt
p03806,100,2,98,2,0,0,0,2,0,98,0,0,0,2,0,0,0,1.0,0,29,0,0,0,71,0,0,/data/bc/MyCatcher/outputs/tcases/cpp/p03806/report.txt
p03807,100,32,67,32,1,0,0,0,32,68,0,0,0,0,32,32,0,0.0,32,1,0,32,0.0,67,0,0,/data/bc/MyCatcher/outputs/tcases/cpp/p03807/report.txt
p03825,100,57,1,57,42,0,0,0,57,43,0,0,0,0,57,95,0,0.0,13,86,0,13,0.0,1,0,0,/data/bc/MyCatcher/outputs/tcases/cpp/p03825/report.txt
p03828,100,0,31,0,69,0,0,0,0,100,0,0,0,0,0,69,0,0,0,69,0,0,0,31,0,0,/data/bc/MyCatcher/outputs/tcases/cpp/p03828/report.txt
p03843,61,0,0,0,61,0,0,0,0,61,0,0,0,0,0,61,0,0,0,61,0,0,0,0,0,0,/data/bc/MyCatcher/outputs/tcases/cpp/p03843/report.txt
p03845,99,0,99,0,0,0,0,0,0,2,0,1,0,0,0,0,0,0,0,0,0,0,0,99,0,0,/data/bc/MyCatcher/outputs/tcases/cpp/p03845/report.txt
p03846,14,4,8,4,2,0,0,0,4,10,0,0,0,0,4,5,0,0.0,4,2,0,4,0.0,8,0,0,/data/bc/MyCatcher/outputs/tcases/cpp/p03846/report.txt
p03849,100,0,0,0,100,0,0,0,0,100,0,0,0,0,0,74,0,0,0,100,0,0,0,0,0,0,/data/bc/MyCatcher/outputs/tcases/cpp/p03849/report.txt
p03853,100,6,93,6,0,0,1,0,0,0,0,0,0,6,0,0,0,1.0,6,0,6,0,1.0,93,0,1,/data/bc/MyCatcher/outputs/tcases/cpp/p03853/report.txt
p03854,100,1,99,1,0,0,0,1,0,99,0,0,0,1,0,0,0,1.0,1,2,1,0,1.0,97,0,0,/data/bc/MyCatcher/outputs/tcases/cpp/p03854/report.txt
p03858,100,5,12,5,83,0,0,0,5,95,0,0,0,0,5,63,0,0.0,3,86,0,3,0.0,11,0,0,/data/bc/MyCatcher/outputs/tcases/cpp/p03858/report.txt
p03862,100,2,98,2,0,0,0,1,1,98,0,0,0,1,1,1,0,0.5,2,0,1,1,0.5,98,0,0,/data/bc/MyCatcher/outputs/tcases/cpp/p03862/report.txt
p03940,98,0,0,0,98,0,0,0,0,97,1,0,0,0,0,93,1,0,0,98,0,0,0,0,0,0,/data/bc/MyCatcher/outputs/tcases/cpp/p03940/report.txt
p03944,100,1,93,1,6,0,0,1,0,99,0,0,0,1,0,4,0,1.0,1,6,1,0,1.0,93,0,0,/data/bc/MyCatcher/outputs/tcases/cpp/p03944/report.txt
p03951,100,0,0,0,100,0,0,0,0,99,1,0,0,0,0,11,1,0,0,100,0,0,0,0,0,0,/data/bc/MyCatcher/outputs/tcases/cpp/p03951/report.txt
p03988,100,33,37,33,30,0,0,0,33,67,0,0,0,0,33,53,0,0.0,33,30,0,33,0.0,37,0,0,/data/bc/MyCatcher/outputs/tcases/cpp/p03988/report.txt
p03989,100,0,0,0,100,0,0,0,0,100,0,0,0,0,0,100,0,0,0,100,0,0,0,0,0,0,/data/bc/MyCatcher/outputs/tcases/cpp/p03989/report.txt
p03998,100,1,99,1,0,0,0,1,0,99,0,0,0,1,0,0,0,1.0,1,0,1,0,1.0,99,0,0,/data/bc/MyCatcher/outputs/tcases/cpp/p03998/report.txt
p04000,100,0,5,0,95,0,0,0,0,0,0,0,0,0,0,89,1,0,0,95,0,0,0,5,0,0,/data/bc/MyCatcher/outputs/tcases/cpp/p04000/report.txt
p04004,100,0,1,0,99,0,0,0,0,100,0,0,0,0,0,100,0,0,0,99,0,0,0,1,0,0,/data/bc/MyCatcher/outputs/tcases/cpp/p04004/report.txt
p04005,100,0,1,0,99,0,0,0,0,100,0,0,0,0,0,73,0,0,0,100,0,0,0,0,0,0,/data/bc/MyCatcher/outputs/tcases/cpp/p04005/report.txt
p04006,95,4,0,4,91,0,0,0,4,91,0,0,0,0,4,95,0,0.0,4,91,0,4,0.0,0,0,0,/data/bc/MyCatcher/outputs/tcases/cpp/p04006/report.txt
p04012,100,0,100,0,0,0,0,0,0,100,0,0,0,0,0,0,0,0,0,0,0,0,0,100,0,0,/data/bc/MyCatcher/outputs/tcases/cpp/p04012/report.txt
p04015,100,7,48,7,45,0,0,7,0,93,0,0,0,7,0,4,0,1.0,2,75,2,0,1.0,23,0,0,/data/bc/MyCatcher/outputs/tcases/cpp/p04015/report.txt
p04019,100,89,11,89,0,0,0,0,89,11,0,0,0,0,89,89,0,0.0,89,0,0,89,0.0,11,0,0,/data/bc/MyCatcher/outputs/tcases/cpp/p04019/report.txt
p04028,99,0,2,0,97,0,0,0,0,99,0,0,0,0,0,94,0,0,0,97,0,0,0,2,0,0,/data/bc/MyCatcher/outputs/tcases/cpp/p04028/report.txt
p04030,100,0,100,0,0,0,0,0,0,96,0,4,0,0,0,0,0,0,0,0,0,0,0,100,0,0,/data/bc/MyCatcher/outputs/tcases/cpp/p04030/report.txt
p04043,100,16,84,16,0,0,0,7,9,84,0,0,0,7,9,9,0,0.4375,16,0,7,9,0.4375,84,0,0,/data/bc/MyCatcher/outputs/tcases/cpp/p04043/report.txt
p04047,100,0,100,0,0,0,0,0,0,100,0,0,0,0,0,0,0,0,0,0,0,0,0,100,0,0,/data/bc/MyCatcher/outputs/tcases/cpp/p04047/report.txt
p04051,96,0,0,0,96,0,0,0,0,96,0,0,0,0,0,96,0,0,0,96,0,0,0,0,0,0,/data/bc/MyCatcher/outputs/tcases/cpp/p04051/report.txt
TOTAL,23419,3681,8395,3681,10646,543,154,1273,1923,16931,47,637,96,1384,2240,10273,58,0.3818984547461369,3062,11810,1352,1672,0.4470899470899471,7852,543,152,
