pid,status,tests_dir_size,variants_dir_size,variants_used,saved,found,agree,no_majority,tp_count,fp_count,precision,oracle_wrong_count,canonical_fail_count,summary_json,report_txt,detail_csv
p02547,ok,177,10,10,11,11,166,0,11,0,1.0,0,0,outputs/tcases/cpp/p02547/summary.json,outputs/tcases/cpp/p02547/report.txt,outputs/tcases/cpp/p02547/detail.csv
p02550,ok,145,10,10,9,9,79,54,9,0,1.0,14,1,outputs/tcases/cpp/p02550/summary.json,outputs/tcases/cpp/p02550/report.txt,outputs/tcases/cpp/p02550/detail.csv
p02574,ok,124,10,10,101,101,23,0,101,0,1.0,0,0,outputs/tcases/cpp/p02574/summary.json,outputs/tcases/cpp/p02574/report.txt,outputs/tcases/cpp/p02574/detail.csv
p02575,ok,129,10,10,0,0,0,129,0,0,,98,0,outputs/tcases/cpp/p02575/summary.json,outputs/tcases/cpp/p02575/report.txt,outputs/tcases/cpp/p02575/detail.csv
p02577,ok,93,10,10,10,10,83,0,10,0,1.0,0,0,outputs/tcases/cpp/p02577/summary.json,outputs/tcases/cpp/p02577/report.txt,outputs/tcases/cpp/p02577/detail.csv
p02580,ok,148,10,10,3,3,0,145,0,3,0.0,13,0,outputs/tcases/cpp/p02580/summary.json,outputs/tcases/cpp/p02580/report.txt,outputs/tcases/cpp/p02580/detail.csv
p02581,ok,140,10,10,0,0,5,135,0,0,,63,0,outputs/tcases/cpp/p02581/summary.json,outputs/tcases/cpp/p02581/report.txt,outputs/tcases/cpp/p02581/detail.csv
p02583,ok,100,10,10,0,0,100,0,0,0,,0,0,outputs/tcases/cpp/p02583/summary.json,outputs/tcases/cpp/p02583/report.txt,outputs/tcases/cpp/p02583/detail.csv
p02585,ok,139,10,10,0,0,34,105,0,0,,4,0,outputs/tcases/cpp/p02585/summary.json,outputs/tcases/cpp/p02585/report.txt,outputs/tcases/cpp/p02585/detail.csv
p02589,ok,146,10,10,13,13,43,90,0,13,0.0,68,0,outputs/tcases/cpp/p02589/summary.json,outputs/tcases/cpp/p02589/report.txt,outputs/tcases/cpp/p02589/detail.csv
p02590,ok,159,10,10,9,9,144,0,0,9,0.0,11,3,outputs/tcases/cpp/p02590/summary.json,outputs/tcases/cpp/p02590/report.txt,outputs/tcases/cpp/p02590/detail.csv
p02594,ok,30,10,10,1,1,29,0,1,0,1.0,0,0,outputs/tcases/cpp/p02594/summary.json,outputs/tcases/cpp/p02594/report.txt,outputs/tcases/cpp/p02594/detail.csv
p02598,ok,155,10,10,38,38,117,0,38,0,1.0,1,0,outputs/tcases/cpp/p02598/summary.json,outputs/tcases/cpp/p02598/report.txt,outputs/tcases/cpp/p02598/detail.csv
p02599,ok,173,10,10,109,109,57,0,14,95,0.12844036697247707,99,0,outputs/tcases/cpp/p02599/summary.json,outputs/tcases/cpp/p02599/report.txt,outputs/tcases/cpp/p02599/detail.csv
p02616,ok,113,10,10,3,3,100,10,3,0,1.0,1,0,outputs/tcases/cpp/p02616/summary.json,outputs/tcases/cpp/p02616/report.txt,outputs/tcases/cpp/p02616/detail.csv
p02623,ok,139,10,10,2,2,137,0,0,2,0.0,2,0,outputs/tcases/cpp/p02623/summary.json,outputs/tcases/cpp/p02623/report.txt,outputs/tcases/cpp/p02623/detail.csv
p02626,ok,121,10,10,23,23,78,20,0,23,0.0,31,0,outputs/tcases/cpp/p02626/summary.json,outputs/tcases/cpp/p02626/report.txt,outputs/tcases/cpp/p02626/detail.csv
p02635,ok,127,10,10,0,0,28,96,0,0,,74,0,outputs/tcases/cpp/p02635/summary.json,outputs/tcases/cpp/p02635/report.txt,outputs/tcases/cpp/p02635/detail.csv
p02636,ok,113,10,10,10,10,1,102,0,10,0.0,110,1,outputs/tcases/cpp/p02636/summary.json,outputs/tcases/cpp/p02636/report.txt,outputs/tcases/cpp/p02636/detail.csv
p02638,ok,99,10,10,0,0,0,99,0,0,,78,0,outputs/tcases/cpp/p02638/summary.json,outputs/tcases/cpp/p02638/report.txt,outputs/tcases/cpp/p02638/detail.csv
p02641,ok,121,10,10,0,0,88,32,0,0,,13,0,outputs/tcases/cpp/p02641/summary.json,outputs/tcases/cpp/p02641/report.txt,outputs/tcases/cpp/p02641/detail.csv
p02652,ok,99,10,10,2,2,2,95,0,2,0.0,84,0,outputs/tcases/cpp/p02652/summary.json,outputs/tcases/cpp/p02652/report.txt,outputs/tcases/cpp/p02652/detail.csv
p02653,ok,113,10,10,6,6,0,107,0,6,0.0,105,0,outputs/tcases/cpp/p02653/summary.json,outputs/tcases/cpp/p02653/report.txt,outputs/tcases/cpp/p02653/detail.csv
p02659,ok,139,10,10,3,3,71,65,2,1,0.6666666666666666,11,0,outputs/tcases/cpp/p02659/summary.json,outputs/tcases/cpp/p02659/report.txt,outputs/tcases/cpp/p02659/detail.csv
p02669,ok,132,10,10,3,3,83,3,1,2,0.3333333333333333,7,12,outputs/tcases/cpp/p02669/summary.json,outputs/tcases/cpp/p02669/report.txt,outputs/tcases/cpp/p02669/detail.csv
p02670,ok,166,10,10,2,2,1,149,0,2,0.0,121,45,outputs/tcases/cpp/p02670/summary.json,outputs/tcases/cpp/p02670/report.txt,outputs/tcases/cpp/p02670/detail.csv
p02682,ok,95,10,10,10,10,57,28,6,4,0.6,7,0,outputs/tcases/cpp/p02682/summary.json,outputs/tcases/cpp/p02682/report.txt,outputs/tcases/cpp/p02682/detail.csv
p02683,ok,153,10,10,2,2,151,0,2,0,1.0,0,0,outputs/tcases/cpp/p02683/summary.json,outputs/tcases/cpp/p02683/report.txt,outputs/tcases/cpp/p02683/detail.csv
p02695,ok,163,10,10,0,0,153,10,0,0,,0,0,outputs/tcases/cpp/p02695/summary.json,outputs/tcases/cpp/p02695/report.txt,outputs/tcases/cpp/p02695/detail.csv
p02700,ok,122,10,10,20,20,102,0,20,0,1.0,0,0,outputs/tcases/cpp/p02700/summary.json,outputs/tcases/cpp/p02700/report.txt,outputs/tcases/cpp/p02700/detail.csv
p02702,ok,106,10,10,0,0,103,3,0,0,,0,0,outputs/tcases/cpp/p02702/summary.json,outputs/tcases/cpp/p02702/report.txt,outputs/tcases/cpp/p02702/detail.csv
p02703,ok,68,10,10,0,0,0,60,0,0,,51,12,outputs/tcases/cpp/p02703/summary.json,outputs/tcases/cpp/p02703/report.txt,outputs/tcases/cpp/p02703/detail.csv
p02709,ok,139,10,10,0,0,0,139,0,0,,110,0,outputs/tcases/cpp/p02709/summary.json,outputs/tcases/cpp/p02709/report.txt,outputs/tcases/cpp/p02709/detail.csv
p02715,ok,57,10,10,0,0,10,47,0,0,,39,0,outputs/tcases/cpp/p02715/summary.json,outputs/tcases/cpp/p02715/report.txt,outputs/tcases/cpp/p02715/detail.csv
p02716,ok,109,10,10,30,30,52,27,3,27,0.1,49,0,outputs/tcases/cpp/p02716/summary.json,outputs/tcases/cpp/p02716/report.txt,outputs/tcases/cpp/p02716/detail.csv
p02718,ok,130,10,10,1,1,115,14,0,1,0.0,1,0,outputs/tcases/cpp/p02718/summary.json,outputs/tcases/cpp/p02718/report.txt,outputs/tcases/cpp/p02718/detail.csv
p02726,ok,79,10,10,0,0,0,79,0,0,,0,0,outputs/tcases/cpp/p02726/summary.json,outputs/tcases/cpp/p02726/report.txt,outputs/tcases/cpp/p02726/detail.csv
p02728,ok,104,10,10,0,0,0,104,0,0,,104,0,outputs/tcases/cpp/p02728/summary.json,outputs/tcases/cpp/p02728/report.txt,outputs/tcases/cpp/p02728/detail.csv
p02730,ok,125,10,10,13,13,111,0,5,8,0.38461538461538464,8,0,outputs/tcases/cpp/p02730/summary.json,outputs/tcases/cpp/p02730/report.txt,outputs/tcases/cpp/p02730/detail.csv
p02732,ok,88,10,10,83,83,5,0,0,83,0.0,83,0,outputs/tcases/cpp/p02732/summary.json,outputs/tcases/cpp/p02732/report.txt,outputs/tcases/cpp/p02732/detail.csv
p02733,ok,123,10,10,0,0,0,123,0,0,,119,0,outputs/tcases/cpp/p02733/summary.json,outputs/tcases/cpp/p02733/report.txt,outputs/tcases/cpp/p02733/detail.csv
p02737,ok,148,10,10,0,0,0,148,0,0,,132,15,outputs/tcases/cpp/p02737/summary.json,outputs/tcases/cpp/p02737/report.txt,outputs/tcases/cpp/p02737/detail.csv
p02756,ok,169,10,10,39,39,128,2,39,0,1.0,2,0,outputs/tcases/cpp/p02756/summary.json,outputs/tcases/cpp/p02756/report.txt,outputs/tcases/cpp/p02756/detail.csv
p02757,ok,132,10,10,3,3,114,15,0,3,0.0,16,0,outputs/tcases/cpp/p02757/summary.json,outputs/tcases/cpp/p02757/report.txt,outputs/tcases/cpp/p02757/detail.csv
p02758,ok,123,10,10,8,8,0,115,0,8,0.0,123,0,outputs/tcases/cpp/p02758/summary.json,outputs/tcases/cpp/p02758/report.txt,outputs/tcases/cpp/p02758/detail.csv
p02760,ok,136,10,10,0,0,84,52,0,0,,0,0,outputs/tcases/cpp/p02760/summary.json,outputs/tcases/cpp/p02760/report.txt,outputs/tcases/cpp/p02760/detail.csv
p02761,ok,104,10,10,4,4,76,22,4,0,1.0,4,0,outputs/tcases/cpp/p02761/summary.json,outputs/tcases/cpp/p02761/report.txt,outputs/tcases/cpp/p02761/detail.csv
p02766,ok,112,10,10,6,6,103,2,6,0,1.0,2,0,outputs/tcases/cpp/p02766/summary.json,outputs/tcases/cpp/p02766/report.txt,outputs/tcases/cpp/p02766/detail.csv
p02767,ok,123,10,10,64,64,59,0,62,2,0.96875,2,0,outputs/tcases/cpp/p02767/summary.json,outputs/tcases/cpp/p02767/report.txt,outputs/tcases/cpp/p02767/detail.csv
p02775,ok,74,10,10,0,0,0,74,0,0,,64,0,outputs/tcases/cpp/p02775/summary.json,outputs/tcases/cpp/p02775/report.txt,outputs/tcases/cpp/p02775/detail.csv
p02777,ok,164,10,10,16,16,148,0,5,11,0.3125,11,0,outputs/tcases/cpp/p02777/summary.json,outputs/tcases/cpp/p02777/report.txt,outputs/tcases/cpp/p02777/detail.csv
p02781,ok,89,10,10,0,0,52,36,0,0,,33,0,outputs/tcases/cpp/p02781/summary.json,outputs/tcases/cpp/p02781/report.txt,outputs/tcases/cpp/p02781/detail.csv
p02787,ok,145,10,10,5,5,75,65,1,4,0.2,40,0,outputs/tcases/cpp/p02787/summary.json,outputs/tcases/cpp/p02787/report.txt,outputs/tcases/cpp/p02787/detail.csv
p02794,ok,133,10,10,0,0,0,133,0,0,,127,2,outputs/tcases/cpp/p02794/summary.json,outputs/tcases/cpp/p02794/report.txt,outputs/tcases/cpp/p02794/detail.csv
p02802,ok,134,10,10,3,3,88,43,3,0,1.0,4,1,outputs/tcases/cpp/p02802/summary.json,outputs/tcases/cpp/p02802/report.txt,outputs/tcases/cpp/p02802/detail.csv
p02812,ok,134,10,10,9,9,125,0,9,0,1.0,0,2,outputs/tcases/cpp/p02812/summary.json,outputs/tcases/cpp/p02812/report.txt,outputs/tcases/cpp/p02812/detail.csv
p02830,ok,122,10,10,17,17,104,0,17,0,1.0,0,0,outputs/tcases/cpp/p02830/summary.json,outputs/tcases/cpp/p02830/report.txt,outputs/tcases/cpp/p02830/detail.csv
p02832,ok,118,10,10,51,51,0,67,23,28,0.45098039215686275,95,0,outputs/tcases/cpp/p02832/summary.json,outputs/tcases/cpp/p02832/report.txt,outputs/tcases/cpp/p02832/detail.csv
p02838,ok,140,10,10,3,3,137,0,2,1,0.6666666666666666,1,0,outputs/tcases/cpp/p02838/summary.json,outputs/tcases/cpp/p02838/report.txt,outputs/tcases/cpp/p02838/detail.csv
p02840,ok,150,10,10,3,3,21,126,0,3,0.0,108,0,outputs/tcases/cpp/p02840/summary.json,outputs/tcases/cpp/p02840/report.txt,outputs/tcases/cpp/p02840/detail.csv
p02860,ok,87,10,10,2,2,85,0,2,0,1.0,0,0,outputs/tcases/cpp/p02860/summary.json,outputs/tcases/cpp/p02860/report.txt,outputs/tcases/cpp/p02860/detail.csv
p02864,ok,125,10,10,40,40,23,62,9,31,0.225,79,0,outputs/tcases/cpp/p02864/summary.json,outputs/tcases/cpp/p02864/report.txt,outputs/tcases/cpp/p02864/detail.csv
p02891,ok,145,10,10,8,8,56,81,0,8,0.0,45,0,outputs/tcases/cpp/p02891/summary.json,outputs/tcases/cpp/p02891/report.txt,outputs/tcases/cpp/p02891/detail.csv
p02895,ok,129,10,10,0,0,20,109,0,0,,51,4,outputs/tcases/cpp/p02895/summary.json,outputs/tcases/cpp/p02895/report.txt,outputs/tcases/cpp/p02895/detail.csv
p02900,ok,97,10,10,5,5,53,39,5,0,1.0,34,0,outputs/tcases/cpp/p02900/summary.json,outputs/tcases/cpp/p02900/report.txt,outputs/tcases/cpp/p02900/detail.csv
p02905,ok,126,10,10,2,2,117,4,1,1,0.5,1,3,outputs/tcases/cpp/p02905/summary.json,outputs/tcases/cpp/p02905/report.txt,outputs/tcases/cpp/p02905/detail.csv
p02906,ok,128,10,10,12,12,36,80,0,12,0.0,39,0,outputs/tcases/cpp/p02906/summary.json,outputs/tcases/cpp/p02906/report.txt,outputs/tcases/cpp/p02906/detail.csv
p02907,ok,132,10,10,0,0,0,132,0,0,,131,1,outputs/tcases/cpp/p02907/summary.json,outputs/tcases/cpp/p02907/report.txt,outputs/tcases/cpp/p02907/detail.csv
p02913,ok,83,10,10,5,5,53,25,0,5,0.0,20,0,outputs/tcases/cpp/p02913/summary.json,outputs/tcases/cpp/p02913/report.txt,outputs/tcases/cpp/p02913/detail.csv
p02917,ok,117,10,10,117,117,0,0,117,0,1.0,0,0,outputs/tcases/cpp/p02917/summary.json,outputs/tcases/cpp/p02917/report.txt,outputs/tcases/cpp/p02917/detail.csv
p02937,ok,128,10,10,0,0,0,128,0,0,,0,0,outputs/tcases/cpp/p02937/summary.json,outputs/tcases/cpp/p02937/report.txt,outputs/tcases/cpp/p02937/detail.csv
p02938,ok,91,10,10,5,5,3,83,5,0,1.0,32,0,outputs/tcases/cpp/p02938/summary.json,outputs/tcases/cpp/p02938/report.txt,outputs/tcases/cpp/p02938/detail.csv
p02943,ok,134,10,10,17,17,26,91,0,17,0.0,97,0,outputs/tcases/cpp/p02943/summary.json,outputs/tcases/cpp/p02943/report.txt,outputs/tcases/cpp/p02943/detail.csv
p02956,ok,133,10,10,0,0,0,133,0,0,,132,0,outputs/tcases/cpp/p02956/summary.json,outputs/tcases/cpp/p02956/report.txt,outputs/tcases/cpp/p02956/detail.csv
p02958,ok,123,10,10,12,12,111,0,12,0,1.0,1,0,outputs/tcases/cpp/p02958/summary.json,outputs/tcases/cpp/p02958/report.txt,outputs/tcases/cpp/p02958/detail.csv
p02962,ok,138,10,10,0,0,13,125,0,0,,60,0,outputs/tcases/cpp/p02962/summary.json,outputs/tcases/cpp/p02962/report.txt,outputs/tcases/cpp/p02962/detail.csv
p02964,ok,91,10,10,1,1,13,76,0,0,,58,0,outputs/tcases/cpp/p02964/summary.json,outputs/tcases/cpp/p02964/report.txt,outputs/tcases/cpp/p02964/detail.csv
p02969,ok,31,10,10,0,0,31,0,0,0,,0,0,outputs/tcases/cpp/p02969/summary.json,outputs/tcases/cpp/p02969/report.txt,outputs/tcases/cpp/p02969/detail.csv
p02971,ok,124,10,10,47,47,24,53,47,0,1.0,25,0,outputs/tcases/cpp/p02971/summary.json,outputs/tcases/cpp/p02971/report.txt,outputs/tcases/cpp/p02971/detail.csv
p02974,ok,105,10,10,10,10,11,84,8,2,0.8,84,0,outputs/tcases/cpp/p02974/summary.json,outputs/tcases/cpp/p02974/report.txt,outputs/tcases/cpp/p02974/detail.csv
p02983,ok,127,10,10,20,20,93,3,1,19,0.05,24,0,outputs/tcases/cpp/p02983/summary.json,outputs/tcases/cpp/p02983/report.txt,outputs/tcases/cpp/p02983/detail.csv
p02990,ok,75,10,10,0,0,1,74,0,0,,64,0,outputs/tcases/cpp/p02990/summary.json,outputs/tcases/cpp/p02990/report.txt,outputs/tcases/cpp/p02990/detail.csv
p02992,ok,99,10,10,0,0,11,43,0,0,,38,0,outputs/tcases/cpp/p02992/summary.json,outputs/tcases/cpp/p02992/report.txt,outputs/tcases/cpp/p02992/detail.csv
p02996,ok,170,10,10,1,1,169,0,1,0,1.0,0,0,outputs/tcases/cpp/p02996/summary.json,outputs/tcases/cpp/p02996/report.txt,outputs/tcases/cpp/p02996/detail.csv
p02998,ok,112,10,10,0,0,30,82,0,0,,64,0,outputs/tcases/cpp/p02998/summary.json,outputs/tcases/cpp/p02998/report.txt,outputs/tcases/cpp/p02998/detail.csv
p03000,ok,133,10,10,66,66,67,0,66,0,1.0,0,0,outputs/tcases/cpp/p03000/summary.json,outputs/tcases/cpp/p03000/report.txt,outputs/tcases/cpp/p03000/detail.csv
p03013,ok,87,10,10,0,0,0,87,0,0,,4,0,outputs/tcases/cpp/p03013/summary.json,outputs/tcases/cpp/p03013/report.txt,outputs/tcases/cpp/p03013/detail.csv
p03014,ok,146,10,10,7,7,137,2,7,0,1.0,2,0,outputs/tcases/cpp/p03014/summary.json,outputs/tcases/cpp/p03014/report.txt,outputs/tcases/cpp/p03014/detail.csv
p03017,ok,167,10,10,17,17,121,29,8,9,0.47058823529411764,32,1,outputs/tcases/cpp/p03017/summary.json,outputs/tcases/cpp/p03017/report.txt,outputs/tcases/cpp/p03017/detail.csv
p03019,ok,128,10,10,14,14,0,114,0,14,0.0,128,0,outputs/tcases/cpp/p03019/summary.json,outputs/tcases/cpp/p03019/report.txt,outputs/tcases/cpp/p03019/detail.csv
p03031,ok,128,10,10,2,2,126,0,2,0,1.0,0,0,outputs/tcases/cpp/p03031/summary.json,outputs/tcases/cpp/p03031/report.txt,outputs/tcases/cpp/p03031/detail.csv
p03032,ok,136,10,10,7,7,67,62,7,0,1.0,5,0,outputs/tcases/cpp/p03032/summary.json,outputs/tcases/cpp/p03032/report.txt,outputs/tcases/cpp/p03032/detail.csv
p03039,ok,86,10,10,0,0,0,86,0,0,,85,0,outputs/tcases/cpp/p03039/summary.json,outputs/tcases/cpp/p03039/report.txt,outputs/tcases/cpp/p03039/detail.csv
p03042,ok,82,10,10,3,3,79,0,3,0,1.0,0,0,outputs/tcases/cpp/p03042/summary.json,outputs/tcases/cpp/p03042/report.txt,outputs/tcases/cpp/p03042/detail.csv
p03045,ok,156,10,10,0,0,7,149,0,0,,88,0,outputs/tcases/cpp/p03045/summary.json,outputs/tcases/cpp/p03045/report.txt,outputs/tcases/cpp/p03045/detail.csv
p03053,ok,131,10,10,13,13,116,2,13,0,1.0,2,0,outputs/tcases/cpp/p03053/summary.json,outputs/tcases/cpp/p03053/report.txt,outputs/tcases/cpp/p03053/detail.csv
p03056,ok,146,10,10,1,1,14,131,1,0,1.0,94,0,outputs/tcases/cpp/p03056/summary.json,outputs/tcases/cpp/p03056/report.txt,outputs/tcases/cpp/p03056/detail.csv
p03073,ok,89,10,10,53,53,36,0,0,53,0.0,53,0,outputs/tcases/cpp/p03073/summary.json,outputs/tcases/cpp/p03073/report.txt,outputs/tcases/cpp/p03073/detail.csv
p03074,ok,135,10,10,8,8,2,125,0,7,0.0,120,1,outputs/tcases/cpp/p03074/summary.json,outputs/tcases/cpp/p03074/report.txt,outputs/tcases/cpp/p03074/detail.csv
p03076,ok,111,10,10,0,0,0,105,0,0,,91,0,outputs/tcases/cpp/p03076/summary.json,outputs/tcases/cpp/p03076/report.txt,outputs/tcases/cpp/p03076/detail.csv
p03078,ok,158,10,10,14,14,121,0,14,0,1.0,0,0,outputs/tcases/cpp/p03078/summary.json,outputs/tcases/cpp/p03078/report.txt,outputs/tcases/cpp/p03078/detail.csv
p03087,ok,170,10,10,133,133,37,0,132,1,0.9924812030075187,1,0,outputs/tcases/cpp/p03087/summary.json,outputs/tcases/cpp/p03087/report.txt,outputs/tcases/cpp/p03087/detail.csv
p03088,ok,20,10,10,0,0,0,20,0,0,,0,0,outputs/tcases/cpp/p03088/summary.json,outputs/tcases/cpp/p03088/report.txt,outputs/tcases/cpp/p03088/detail.csv
p03089,ok,115,10,10,24,24,59,32,12,12,0.5,36,0,outputs/tcases/cpp/p03089/summary.json,outputs/tcases/cpp/p03089/report.txt,outputs/tcases/cpp/p03089/detail.csv
p03100,ok,43,10,10,0,0,0,43,0,0,,39,0,outputs/tcases/cpp/p03100/summary.json,outputs/tcases/cpp/p03100/report.txt,outputs/tcases/cpp/p03100/detail.csv
p03112,ok,144,10,10,25,25,18,101,21,4,0.84,47,0,outputs/tcases/cpp/p03112/summary.json,outputs/tcases/cpp/p03112/report.txt,outputs/tcases/cpp/p03112/detail.csv
p03126,ok,115,10,10,9,9,106,0,0,7,0.0,7,14,outputs/tcases/cpp/p03126/summary.json,outputs/tcases/cpp/p03126/report.txt,outputs/tcases/cpp/p03126/detail.csv
p03146,ok,45,10,10,2,2,43,0,2,0,1.0,0,0,outputs/tcases/cpp/p03146/summary.json,outputs/tcases/cpp/p03146/report.txt,outputs/tcases/cpp/p03146/detail.csv
p03148,ok,127,10,10,0,0,46,81,0,0,,29,0,outputs/tcases/cpp/p03148/summary.json,outputs/tcases/cpp/p03148/report.txt,outputs/tcases/cpp/p03148/detail.csv
p03191,ok,121,10,10,3,3,1,117,0,3,0.0,113,7,outputs/tcases/cpp/p03191/summary.json,outputs/tcases/cpp/p03191/report.txt,outputs/tcases/cpp/p03191/detail.csv
p03202,ok,101,10,10,38,38,7,56,0,37,0.0,80,6,outputs/tcases/cpp/p03202/summary.json,outputs/tcases/cpp/p03202/report.txt,outputs/tcases/cpp/p03202/detail.csv
p03203,ok,134,10,10,9,9,4,121,0,9,0.0,121,0,outputs/tcases/cpp/p03203/summary.json,outputs/tcases/cpp/p03203/report.txt,outputs/tcases/cpp/p03203/detail.csv
p03213,ok,24,10,10,5,5,9,10,0,5,0.0,15,0,outputs/tcases/cpp/p03213/summary.json,outputs/tcases/cpp/p03213/report.txt,outputs/tcases/cpp/p03213/detail.csv
p03235,ok,101,10,10,27,27,36,37,0,27,0.0,93,2,outputs/tcases/cpp/p03235/summary.json,outputs/tcases/cpp/p03235/report.txt,outputs/tcases/cpp/p03235/detail.csv
p03239,ok,138,10,10,4,4,131,3,4,0,1.0,3,0,outputs/tcases/cpp/p03239/summary.json,outputs/tcases/cpp/p03239/report.txt,outputs/tcases/cpp/p03239/detail.csv
p03241,ok,99,10,10,0,0,61,38,0,0,,3,0,outputs/tcases/cpp/p03241/summary.json,outputs/tcases/cpp/p03241/report.txt,outputs/tcases/cpp/p03241/detail.csv
p03253,ok,99,10,10,3,3,7,89,0,3,0.0,88,0,outputs/tcases/cpp/p03253/summary.json,outputs/tcases/cpp/p03253/report.txt,outputs/tcases/cpp/p03253/detail.csv
p03255,ok,159,10,10,4,4,0,155,0,4,0.0,159,0,outputs/tcases/cpp/p03255/summary.json,outputs/tcases/cpp/p03255/report.txt,outputs/tcases/cpp/p03255/detail.csv
p03270,ok,74,10,10,0,0,0,74,0,0,,71,0,outputs/tcases/cpp/p03270/summary.json,outputs/tcases/cpp/p03270/report.txt,outputs/tcases/cpp/p03270/detail.csv
p03272,ok,74,10,10,1,1,73,0,1,0,1.0,0,0,outputs/tcases/cpp/p03272/summary.json,outputs/tcases/cpp/p03272/report.txt,outputs/tcases/cpp/p03272/detail.csv
p03282,ok,142,10,10,0,0,0,142,0,0,,14,10,outputs/tcases/cpp/p03282/summary.json,outputs/tcases/cpp/p03282/report.txt,outputs/tcases/cpp/p03282/detail.csv
p03284,ok,85,10,10,8,8,62,14,4,4,0.5,13,1,outputs/tcases/cpp/p03284/summary.json,outputs/tcases/cpp/p03284/report.txt,outputs/tcases/cpp/p03284/detail.csv
p03285,ok,58,10,10,9,9,49,0,9,0,1.0,0,0,outputs/tcases/cpp/p03285/summary.json,outputs/tcases/cpp/p03285/report.txt,outputs/tcases/cpp/p03285/detail.csv
p03290,ok,155,10,10,0,0,0,155,0,0,,29,0,outputs/tcases/cpp/p03290/summary.json,outputs/tcases/cpp/p03290/report.txt,outputs/tcases/cpp/p03290/detail.csv
p03292,ok,122,10,10,16,16,106,0,16,0,1.0,0,0,outputs/tcases/cpp/p03292/summary.json,outputs/tcases/cpp/p03292/report.txt,outputs/tcases/cpp/p03292/detail.csv
p03296,ok,114,10,10,0,0,113,1,0,0,,0,0,outputs/tcases/cpp/p03296/summary.json,outputs/tcases/cpp/p03296/report.txt,outputs/tcases/cpp/p03296/detail.csv
p03313,ok,106,10,10,0,0,40,66,0,0,,78,0,outputs/tcases/cpp/p03313/summary.json,outputs/tcases/cpp/p03313/report.txt,outputs/tcases/cpp/p03313/detail.csv
p03314,ok,76,10,10,0,0,1,75,0,0,,66,0,outputs/tcases/cpp/p03314/summary.json,outputs/tcases/cpp/p03314/report.txt,outputs/tcases/cpp/p03314/detail.csv
p03322,ok,139,10,10,12,12,0,126,0,12,0.0,130,0,outputs/tcases/cpp/p03322/summary.json,outputs/tcases/cpp/p03322/report.txt,outputs/tcases/cpp/p03322/detail.csv
p03323,ok,70,10,10,22,22,48,0,22,0,1.0,0,0,outputs/tcases/cpp/p03323/summary.json,outputs/tcases/cpp/p03323/report.txt,outputs/tcases/cpp/p03323/detail.csv
p03326,ok,111,10,10,1,1,107,3,1,0,1.0,3,0,outputs/tcases/cpp/p03326/summary.json,outputs/tcases/cpp/p03326/report.txt,outputs/tcases/cpp/p03326/detail.csv
p03329,ok,44,10,10,0,0,13,31,0,0,,0,0,outputs/tcases/cpp/p03329/summary.json,outputs/tcases/cpp/p03329/report.txt,outputs/tcases/cpp/p03329/detail.csv
p03331,ok,85,10,10,0,0,0,85,0,0,,1,0,outputs/tcases/cpp/p03331/summary.json,outputs/tcases/cpp/p03331/report.txt,outputs/tcases/cpp/p03331/detail.csv
p03332,ok,127,10,10,14,14,32,81,0,14,0.0,63,0,outputs/tcases/cpp/p03332/summary.json,outputs/tcases/cpp/p03332/report.txt,outputs/tcases/cpp/p03332/detail.csv
p03333,ok,143,10,10,137,137,6,0,0,137,0.0,137,0,outputs/tcases/cpp/p03333/summary.json,outputs/tcases/cpp/p03333/report.txt,outputs/tcases/cpp/p03333/detail.csv
p03336,ok,175,10,10,3,3,0,172,0,3,0.0,111,0,outputs/tcases/cpp/p03336/summary.json,outputs/tcases/cpp/p03336/report.txt,outputs/tcases/cpp/p03336/detail.csv
p03338,ok,70,10,10,0,0,70,0,0,0,,0,0,outputs/tcases/cpp/p03338/summary.json,outputs/tcases/cpp/p03338/report.txt,outputs/tcases/cpp/p03338/detail.csv
p03343,ok,144,10,10,0,0,0,144,0,0,,87,0,outputs/tcases/cpp/p03343/summary.json,outputs/tcases/cpp/p03343/report.txt,outputs/tcases/cpp/p03343/detail.csv
p03344,ok,142,10,10,0,0,0,142,0,0,,137,0,outputs/tcases/cpp/p03344/summary.json,outputs/tcases/cpp/p03344/report.txt,outputs/tcases/cpp/p03344/detail.csv
p03348,ok,113,10,10,0,0,0,113,0,0,,99,0,outputs/tcases/cpp/p03348/summary.json,outputs/tcases/cpp/p03348/report.txt,outputs/tcases/cpp/p03348/detail.csv
p03350,ok,101,10,10,2,2,11,88,0,0,,59,0,outputs/tcases/cpp/p03350/summary.json,outputs/tcases/cpp/p03350/report.txt,outputs/tcases/cpp/p03350/detail.csv
p03351,ok,87,10,10,6,6,81,0,6,0,1.0,0,0,outputs/tcases/cpp/p03351/summary.json,outputs/tcases/cpp/p03351/report.txt,outputs/tcases/cpp/p03351/detail.csv
p03352,ok,48,10,10,9,9,31,8,9,0,1.0,8,0,outputs/tcases/cpp/p03352/summary.json,outputs/tcases/cpp/p03352/report.txt,outputs/tcases/cpp/p03352/detail.csv
p03361,ok,117,10,10,30,30,77,10,30,0,1.0,41,0,outputs/tcases/cpp/p03361/summary.json,outputs/tcases/cpp/p03361/report.txt,outputs/tcases/cpp/p03361/detail.csv
p03365,ok,27,10,10,2,2,0,25,1,1,0.5,26,0,outputs/tcases/cpp/p03365/summary.json,outputs/tcases/cpp/p03365/report.txt,outputs/tcases/cpp/p03365/detail.csv
p03374,ok,156,10,10,26,26,0,130,16,10,0.6153846153846154,41,0,outputs/tcases/cpp/p03374/summary.json,outputs/tcases/cpp/p03374/report.txt,outputs/tcases/cpp/p03374/detail.csv
p03383,ok,123,10,10,10,10,113,0,1,9,0.1,12,0,outputs/tcases/cpp/p03383/summary.json,outputs/tcases/cpp/p03383/report.txt,outputs/tcases/cpp/p03383/detail.csv
p03391,ok,156,10,10,56,56,5,95,0,56,0.0,134,0,outputs/tcases/cpp/p03391/summary.json,outputs/tcases/cpp/p03391/report.txt,outputs/tcases/cpp/p03391/detail.csv
p03393,ok,114,10,10,77,77,3,34,0,77,0.0,113,0,outputs/tcases/cpp/p03393/summary.json,outputs/tcases/cpp/p03393/report.txt,outputs/tcases/cpp/p03393/detail.csv
p03396,ok,122,10,10,0,0,0,122,0,0,,117,0,outputs/tcases/cpp/p03396/summary.json,outputs/tcases/cpp/p03396/report.txt,outputs/tcases/cpp/p03396/detail.csv
p03403,ok,132,10,10,0,0,6,126,0,0,,126,0,outputs/tcases/cpp/p03403/summary.json,outputs/tcases/cpp/p03403/report.txt,outputs/tcases/cpp/p03403/detail.csv
p03406,ok,101,10,10,7,7,0,94,3,4,0.42857142857142855,66,0,outputs/tcases/cpp/p03406/summary.json,outputs/tcases/cpp/p03406/report.txt,outputs/tcases/cpp/p03406/detail.csv
p03408,ok,134,10,10,8,8,126,0,8,0,1.0,0,0,outputs/tcases/cpp/p03408/summary.json,outputs/tcases/cpp/p03408/report.txt,outputs/tcases/cpp/p03408/detail.csv
p03421,ok,124,10,10,0,0,42,82,0,0,,72,0,outputs/tcases/cpp/p03421/summary.json,outputs/tcases/cpp/p03421/report.txt,outputs/tcases/cpp/p03421/detail.csv
p03424,ok,128,10,10,56,56,72,0,16,40,0.2857142857142857,42,0,outputs/tcases/cpp/p03424/summary.json,outputs/tcases/cpp/p03424/report.txt,outputs/tcases/cpp/p03424/detail.csv
p03427,ok,64,10,10,42,42,12,10,0,42,0.0,52,0,outputs/tcases/cpp/p03427/summary.json,outputs/tcases/cpp/p03427/report.txt,outputs/tcases/cpp/p03427/detail.csv
p03431,ok,79,10,10,1,1,0,78,0,1,0.0,52,0,outputs/tcases/cpp/p03431/summary.json,outputs/tcases/cpp/p03431/report.txt,outputs/tcases/cpp/p03431/detail.csv
p03434,ok,152,10,10,152,152,0,0,152,0,1.0,0,0,outputs/tcases/cpp/p03434/summary.json,outputs/tcases/cpp/p03434/report.txt,outputs/tcases/cpp/p03434/detail.csv
p03435,ok,122,10,10,32,32,71,19,4,28,0.125,28,0,outputs/tcases/cpp/p03435/summary.json,outputs/tcases/cpp/p03435/report.txt,outputs/tcases/cpp/p03435/detail.csv
p03452,ok,76,10,10,3,3,69,4,3,0,1.0,0,0,outputs/tcases/cpp/p03452/summary.json,outputs/tcases/cpp/p03452/report.txt,outputs/tcases/cpp/p03452/detail.csv
p03456,ok,133,10,10,14,14,119,0,14,0,1.0,0,0,outputs/tcases/cpp/p03456/summary.json,outputs/tcases/cpp/p03456/report.txt,outputs/tcases/cpp/p03456/detail.csv
p03458,ok,126,10,10,0,0,2,124,0,0,,78,0,outputs/tcases/cpp/p03458/summary.json,outputs/tcases/cpp/p03458/report.txt,outputs/tcases/cpp/p03458/detail.csv
p03462,ok,82,10,10,0,0,0,82,0,0,,70,0,outputs/tcases/cpp/p03462/summary.json,outputs/tcases/cpp/p03462/report.txt,outputs/tcases/cpp/p03462/detail.csv
p03469,ok,59,10,10,28,28,31,0,26,0,1.0,0,2,outputs/tcases/cpp/p03469/summary.json,outputs/tcases/cpp/p03469/report.txt,outputs/tcases/cpp/p03469/detail.csv
p03475,ok,126,10,10,49,49,11,0,49,0,1.0,0,0,outputs/tcases/cpp/p03475/summary.json,outputs/tcases/cpp/p03475/report.txt,outputs/tcases/cpp/p03475/detail.csv
p03484,ok,66,10,10,0,0,1,65,0,0,,64,1,outputs/tcases/cpp/p03484/summary.json,outputs/tcases/cpp/p03484/report.txt,outputs/tcases/cpp/p03484/detail.csv
p03492,ok,94,10,10,0,0,0,94,0,0,,85,7,outputs/tcases/cpp/p03492/summary.json,outputs/tcases/cpp/p03492/report.txt,outputs/tcases/cpp/p03492/detail.csv
p03494,ok,123,10,10,6,6,117,0,6,0,1.0,1,0,outputs/tcases/cpp/p03494/summary.json,outputs/tcases/cpp/p03494/report.txt,outputs/tcases/cpp/p03494/detail.csv
p03497,ok,132,10,10,0,0,0,132,0,0,,118,2,outputs/tcases/cpp/p03497/summary.json,outputs/tcases/cpp/p03497/report.txt,outputs/tcases/cpp/p03497/detail.csv
p03500,ok,124,10,10,0,0,0,124,0,0,,122,0,outputs/tcases/cpp/p03500/summary.json,outputs/tcases/cpp/p03500/report.txt,outputs/tcases/cpp/p03500/detail.csv
p03502,missing_summary,0,0,0,0,0,0,0,0,0,,0,0,,,
p03503,ok,162,10,10,32,32,85,11,32,0,1.0,3,0,outputs/tcases/cpp/p03503/summary.json,outputs/tcases/cpp/p03503/report.txt,outputs/tcases/cpp/p03503/detail.csv
p03543,ok,63,10,10,3,3,60,0,3,0,1.0,0,0,outputs/tcases/cpp/p03543/summary.json,outputs/tcases/cpp/p03543/report.txt,outputs/tcases/cpp/p03543/detail.csv
p03544,ok,23,10,10,0,0,23,0,0,0,,0,0,outputs/tcases/cpp/p03544/summary.json,outputs/tcases/cpp/p03544/report.txt,outputs/tcases/cpp/p03544/detail.csv
p03546,ok,85,10,10,18,18,15,0,18,0,1.0,2,0,outputs/tcases/cpp/p03546/summary.json,outputs/tcases/cpp/p03546/report.txt,outputs/tcases/cpp/p03546/detail.csv
p03553,ok,111,10,10,9,9,34,68,4,5,0.4444444444444444,52,0,outputs/tcases/cpp/p03553/summary.json,outputs/tcases/cpp/p03553/report.txt,outputs/tcases/cpp/p03553/detail.csv
p03558,ok,55,10,10,0,0,0,55,0,0,,48,0,outputs/tcases/cpp/p03558/summary.json,outputs/tcases/cpp/p03558/report.txt,outputs/tcases/cpp/p03558/detail.csv
p03561,ok,64,10,10,0,0,2,62,0,0,,58,0,outputs/tcases/cpp/p03561/summary.json,outputs/tcases/cpp/p03561/report.txt,outputs/tcases/cpp/p03561/detail.csv
p03562,ok,162,10,10,0,0,0,162,0,0,,156,0,outputs/tcases/cpp/p03562/summary.json,outputs/tcases/cpp/p03562/report.txt,outputs/tcases/cpp/p03562/detail.csv
p03565,ok,143,10,10,3,3,96,44,3,0,1.0,4,0,outputs/tcases/cpp/p03565/summary.json,outputs/tcases/cpp/p03565/report.txt,outputs/tcases/cpp/p03565/detail.csv
p03573,ok,126,10,10,15,15,111,0,12,3,0.8,3,0,outputs/tcases/cpp/p03573/summary.json,outputs/tcases/cpp/p03573/report.txt,outputs/tcases/cpp/p03573/detail.csv
p03574,ok,119,10,10,6,6,99,14,6,0,1.0,14,0,outputs/tcases/cpp/p03574/summary.json,outputs/tcases/cpp/p03574/report.txt,outputs/tcases/cpp/p03574/detail.csv
p03575,ok,110,10,10,7,7,98,5,0,7,0.0,11,0,outputs/tcases/cpp/p03575/summary.json,outputs/tcases/cpp/p03575/report.txt,outputs/tcases/cpp/p03575/detail.csv
p03604,ok,106,10,10,0,0,0,106,0,0,,49,0,outputs/tcases/cpp/p03604/summary.json,outputs/tcases/cpp/p03604/report.txt,outputs/tcases/cpp/p03604/detail.csv
p03608,ok,133,10,10,56,56,65,11,44,10,0.8148148148148148,15,8,outputs/tcases/cpp/p03608/summary.json,outputs/tcases/cpp/p03608/report.txt,outputs/tcases/cpp/p03608/detail.csv
p03613,ok,126,10,10,0,0,5,121,0,0,,52,3,outputs/tcases/cpp/p03613/summary.json,outputs/tcases/cpp/p03613/report.txt,outputs/tcases/cpp/p03613/detail.csv
p03616,ok,136,10,10,10,10,12,114,4,5,0.4444444444444444,114,0,outputs/tcases/cpp/p03616/summary.json,outputs/tcases/cpp/p03616/report.txt,outputs/tcases/cpp/p03616/detail.csv
p03620,ok,108,10,10,65,65,25,18,0,65,0.0,83,0,outputs/tcases/cpp/p03620/summary.json,outputs/tcases/cpp/p03620/report.txt,outputs/tcases/cpp/p03620/detail.csv
p03625,ok,134,10,10,1,1,113,20,1,0,1.0,3,0,outputs/tcases/cpp/p03625/summary.json,outputs/tcases/cpp/p03625/report.txt,outputs/tcases/cpp/p03625/detail.csv
p03629,ok,106,10,10,0,0,8,98,0,0,,5,0,outputs/tcases/cpp/p03629/summary.json,outputs/tcases/cpp/p03629/report.txt,outputs/tcases/cpp/p03629/detail.csv
p03630,ok,120,10,10,46,46,0,74,0,46,0.0,118,0,outputs/tcases/cpp/p03630/summary.json,outputs/tcases/cpp/p03630/report.txt,outputs/tcases/cpp/p03630/detail.csv
p03642,ok,116,10,10,5,5,1,110,0,4,0.0,92,2,outputs/tcases/cpp/p03642/summary.json,outputs/tcases/cpp/p03642/report.txt,outputs/tcases/cpp/p03642/detail.csv
p03647,ok,120,10,10,9,9,92,19,9,0,1.0,19,4,outputs/tcases/cpp/p03647/summary.json,outputs/tcases/cpp/p03647/report.txt,outputs/tcases/cpp/p03647/detail.csv
p03652,ok,117,10,10,62,62,24,31,0,62,0.0,93,0,outputs/tcases/cpp/p03652/summary.json,outputs/tcases/cpp/p03652/report.txt,outputs/tcases/cpp/p03652/detail.csv
p03664,ok,143,10,10,25,25,2,116,0,25,0.0,138,1,outputs/tcases/cpp/p03664/summary.json,outputs/tcases/cpp/p03664/report.txt,outputs/tcases/cpp/p03664/detail.csv
p03665,ok,117,10,10,5,5,99,13,4,1,0.8,11,0,outputs/tcases/cpp/p03665/summary.json,outputs/tcases/cpp/p03665/report.txt,outputs/tcases/cpp/p03665/detail.csv
p03679,ok,141,10,10,35,35,106,0,15,0,1.0,0,0,outputs/tcases/cpp/p03679/summary.json,outputs/tcases/cpp/p03679/report.txt,outputs/tcases/cpp/p03679/detail.csv
p03684,ok,138,10,10,16,16,67,55,0,16,0.0,35,0,outputs/tcases/cpp/p03684/summary.json,outputs/tcases/cpp/p03684/report.txt,outputs/tcases/cpp/p03684/detail.csv
p03695,ok,133,10,10,120,120,0,13,120,0,1.0,13,0,outputs/tcases/cpp/p03695/summary.json,outputs/tcases/cpp/p03695/report.txt,outputs/tcases/cpp/p03695/detail.csv
p03698,missing_summary,0,0,0,0,0,0,0,0,0,,0,0,,,
p03703,ok,131,10,10,2,2,129,0,2,0,1.0,0,0,outputs/tcases/cpp/p03703/summary.json,outputs/tcases/cpp/p03703/report.txt,outputs/tcases/cpp/p03703/detail.csv
p03705,ok,106,10,10,18,18,85,3,18,0,1.0,3,0,outputs/tcases/cpp/p03705/summary.json,outputs/tcases/cpp/p03705/report.txt,outputs/tcases/cpp/p03705/detail.csv
p03713,ok,77,10,10,0,0,46,31,0,0,,19,0,outputs/tcases/cpp/p03713/summary.json,outputs/tcases/cpp/p03713/report.txt,outputs/tcases/cpp/p03713/detail.csv
p03718,ok,130,10,10,29,29,0,101,0,29,0.0,126,0,outputs/tcases/cpp/p03718/summary.json,outputs/tcases/cpp/p03718/report.txt,outputs/tcases/cpp/p03718/detail.csv
p03719,ok,100,10,10,4,4,96,0,4,0,1.0,0,0,outputs/tcases/cpp/p03719/summary.json,outputs/tcases/cpp/p03719/report.txt,outputs/tcases/cpp/p03719/detail.csv
p03722,ok,149,10,10,5,5,135,9,4,1,0.8,10,0,outputs/tcases/cpp/p03722/summary.json,outputs/tcases/cpp/p03722/report.txt,outputs/tcases/cpp/p03722/detail.csv
p03723,ok,106,10,10,2,2,104,0,2,0,1.0,0,0,outputs/tcases/cpp/p03723/summary.json,outputs/tcases/cpp/p03723/report.txt,outputs/tcases/cpp/p03723/detail.csv
p03725,ok,120,10,10,1,1,81,38,0,1,0.0,90,0,outputs/tcases/cpp/p03725/summary.json,outputs/tcases/cpp/p03725/report.txt,outputs/tcases/cpp/p03725/detail.csv
p03730,ok,89,10,10,4,4,57,28,4,0,1.0,0,0,outputs/tcases/cpp/p03730/summary.json,outputs/tcases/cpp/p03730/report.txt,outputs/tcases/cpp/p03730/detail.csv
p03734,ok,122,10,10,21,21,77,11,21,0,1.0,0,0,outputs/tcases/cpp/p03734/summary.json,outputs/tcases/cpp/p03734/report.txt,outputs/tcases/cpp/p03734/detail.csv
p03750,ok,144,10,10,1,1,0,143,0,1,0.0,86,52,outputs/tcases/cpp/p03750/summary.json,outputs/tcases/cpp/p03750/report.txt,outputs/tcases/cpp/p03750/detail.csv
p03765,ok,152,10,10,62,62,84,6,7,55,0.11290322580645161,65,0,outputs/tcases/cpp/p03765/summary.json,outputs/tcases/cpp/p03765/report.txt,outputs/tcases/cpp/p03765/detail.csv
p03768,ok,148,10,10,0,0,57,91,0,0,,17,3,outputs/tcases/cpp/p03768/summary.json,outputs/tcases/cpp/p03768/report.txt,outputs/tcases/cpp/p03768/detail.csv
p03770,ok,144,10,10,0,0,0,144,0,0,,98,0,outputs/tcases/cpp/p03770/summary.json,outputs/tcases/cpp/p03770/report.txt,outputs/tcases/cpp/p03770/detail.csv
p03771,ok,156,10,10,0,0,17,139,0,0,,35,0,outputs/tcases/cpp/p03771/summary.json,outputs/tcases/cpp/p03771/report.txt,outputs/tcases/cpp/p03771/detail.csv
p03774,ok,132,10,10,4,4,128,0,3,1,0.75,14,0,outputs/tcases/cpp/p03774/summary.json,outputs/tcases/cpp/p03774/report.txt,outputs/tcases/cpp/p03774/detail.csv
p03775,ok,62,10,10,0,0,0,62,0,0,,18,0,outputs/tcases/cpp/p03775/summary.json,outputs/tcases/cpp/p03775/report.txt,outputs/tcases/cpp/p03775/detail.csv
p03778,ok,135,10,10,19,19,116,0,19,0,1.0,0,0,outputs/tcases/cpp/p03778/summary.json,outputs/tcases/cpp/p03778/report.txt,outputs/tcases/cpp/p03778/detail.csv
p03788,ok,134,10,10,4,4,6,124,1,3,0.25,115,0,outputs/tcases/cpp/p03788/summary.json,outputs/tcases/cpp/p03788/report.txt,outputs/tcases/cpp/p03788/detail.csv
p03799,ok,114,10,10,48,48,66,0,15,33,0.3125,33,0,outputs/tcases/cpp/p03799/summary.json,outputs/tcases/cpp/p03799/report.txt,outputs/tcases/cpp/p03799/detail.csv
p03802,ok,134,10,10,115,115,19,0,0,115,0.0,115,0,outputs/tcases/cpp/p03802/summary.json,outputs/tcases/cpp/p03802/report.txt,outputs/tcases/cpp/p03802/detail.csv
p03803,ok,95,10,10,11,11,84,0,11,0,1.0,0,0,outputs/tcases/cpp/p03803/summary.json,outputs/tcases/cpp/p03803/report.txt,outputs/tcases/cpp/p03803/detail.csv
p03804,ok,149,10,10,8,8,141,0,8,0,1.0,0,10,outputs/tcases/cpp/p03804/summary.json,outputs/tcases/cpp/p03804/report.txt,outputs/tcases/cpp/p03804/detail.csv
p03806,ok,164,10,10,11,11,97,56,0,11,0.0,11,0,outputs/tcases/cpp/p03806/summary.json,outputs/tcases/cpp/p03806/report.txt,outputs/tcases/cpp/p03806/detail.csv
p03816,ok,129,10,10,0,0,0,129,0,0,,95,0,outputs/tcases/cpp/p03816/summary.json,outputs/tcases/cpp/p03816/report.txt,outputs/tcases/cpp/p03816/detail.csv
p03824,ok,93,10,10,11,11,1,81,0,11,0.0,69,0,outputs/tcases/cpp/p03824/summary.json,outputs/tcases/cpp/p03824/report.txt,outputs/tcases/cpp/p03824/detail.csv
p03825,ok,108,10,10,0,0,2,106,0,0,,37,0,outputs/tcases/cpp/p03825/summary.json,outputs/tcases/cpp/p03825/report.txt,outputs/tcases/cpp/p03825/detail.csv
p03828,ok,22,10,10,0,0,12,10,0,0,,10,0,outputs/tcases/cpp/p03828/summary.json,outputs/tcases/cpp/p03828/report.txt,outputs/tcases/cpp/p03828/detail.csv
p03843,ok,129,10,10,12,12,0,116,0,12,0.0,128,1,outputs/tcases/cpp/p03843/summary.json,outputs/tcases/cpp/p03843/report.txt,outputs/tcases/cpp/p03843/detail.csv
p03845,ok,140,10,10,0,0,140,0,0,0,,0,0,outputs/tcases/cpp/p03845/summary.json,outputs/tcases/cpp/p03845/report.txt,outputs/tcases/cpp/p03845/detail.csv
p03846,ok,133,10,10,23,23,106,4,5,18,0.21739130434782608,36,0,outputs/tcases/cpp/p03846/summary.json,outputs/tcases/cpp/p03846/report.txt,outputs/tcases/cpp/p03846/detail.csv
p03849,ok,50,10,10,0,0,1,49,0,0,,23,0,outputs/tcases/cpp/p03849/summary.json,outputs/tcases/cpp/p03849/report.txt,outputs/tcases/cpp/p03849/detail.csv
p03853,ok,107,10,10,8,8,98,0,8,0,1.0,0,0,outputs/tcases/cpp/p03853/summary.json,outputs/tcases/cpp/p03853/report.txt,outputs/tcases/cpp/p03853/detail.csv
p03854,ok,136,10,10,1,1,135,0,1,0,1.0,0,0,outputs/tcases/cpp/p03854/summary.json,outputs/tcases/cpp/p03854/report.txt,outputs/tcases/cpp/p03854/detail.csv
p03858,ok,143,10,10,3,3,29,111,0,3,0.0,75,0,outputs/tcases/cpp/p03858/summary.json,outputs/tcases/cpp/p03858/report.txt,outputs/tcases/cpp/p03858/detail.csv
p03859,ok,132,10,10,0,0,0,132,0,0,,104,4,outputs/tcases/cpp/p03859/summary.json,outputs/tcases/cpp/p03859/report.txt,outputs/tcases/cpp/p03859/detail.csv
p03862,ok,123,10,10,4,4,119,0,4,0,1.0,0,0,outputs/tcases/cpp/p03862/summary.json,outputs/tcases/cpp/p03862/report.txt,outputs/tcases/cpp/p03862/detail.csv
p03940,ok,147,10,10,0,0,0,147,0,0,,66,0,outputs/tcases/cpp/p03940/summary.json,outputs/tcases/cpp/p03940/report.txt,outputs/tcases/cpp/p03940/detail.csv
p03944,ok,132,10,10,11,11,63,58,11,0,1.0,42,0,outputs/tcases/cpp/p03944/summary.json,outputs/tcases/cpp/p03944/report.txt,outputs/tcases/cpp/p03944/detail.csv
p03951,ok,91,10,10,0,0,4,87,0,0,,35,0,outputs/tcases/cpp/p03951/summary.json,outputs/tcases/cpp/p03951/report.txt,outputs/tcases/cpp/p03951/detail.csv
p03969,ok,117,10,10,3,3,9,105,0,3,0.0,99,0,outputs/tcases/cpp/p03969/summary.json,outputs/tcases/cpp/p03969/report.txt,outputs/tcases/cpp/p03969/detail.csv
p03988,ok,84,10,10,32,32,41,11,1,31,0.03125,31,0,outputs/tcases/cpp/p03988/summary.json,outputs/tcases/cpp/p03988/report.txt,outputs/tcases/cpp/p03988/detail.csv
p03989,ok,62,10,10,0,0,0,62,0,0,,62,0,outputs/tcases/cpp/p03989/summary.json,outputs/tcases/cpp/p03989/report.txt,outputs/tcases/cpp/p03989/detail.csv
p03998,ok,137,10,10,26,26,110,1,25,1,0.9615384615384616,1,1,outputs/tcases/cpp/p03998/summary.json,outputs/tcases/cpp/p03998/report.txt,outputs/tcases/cpp/p03998/detail.csv
p04000,ok,85,10,10,5,5,77,3,0,5,0.0,7,1,outputs/tcases/cpp/p04000/summary.json,outputs/tcases/cpp/p04000/report.txt,outputs/tcases/cpp/p04000/detail.csv
p04004,ok,71,10,10,0,0,0,71,0,0,,69,1,outputs/tcases/cpp/p04004/summary.json,outputs/tcases/cpp/p04004/report.txt,outputs/tcases/cpp/p04004/detail.csv
p04005,ok,114,10,10,0,0,1,113,0,0,,73,0,outputs/tcases/cpp/p04005/summary.json,outputs/tcases/cpp/p04005/report.txt,outputs/tcases/cpp/p04005/detail.csv
p04006,ok,140,10,10,75,75,1,64,0,75,0.0,139,0,outputs/tcases/cpp/p04006/summary.json,outputs/tcases/cpp/p04006/report.txt,outputs/tcases/cpp/p04006/detail.csv
p04010,ok,71,10,10,0,0,9,62,0,0,,0,71,outputs/tcases/cpp/p04010/summary.json,outputs/tcases/cpp/p04010/report.txt,outputs/tcases/cpp/p04010/detail.csv
p04012,ok,153,10,10,3,3,150,0,3,0,1.0,0,0,outputs/tcases/cpp/p04012/summary.json,outputs/tcases/cpp/p04012/report.txt,outputs/tcases/cpp/p04012/detail.csv
p04015,ok,96,10,10,0,0,71,25,0,0,,2,0,outputs/tcases/cpp/p04015/summary.json,outputs/tcases/cpp/p04015/report.txt,outputs/tcases/cpp/p04015/detail.csv
p04021,ok,149,10,10,15,15,43,91,0,15,0.0,92,0,outputs/tcases/cpp/p04021/summary.json,outputs/tcases/cpp/p04021/report.txt,outputs/tcases/cpp/p04021/detail.csv
p04028,ok,126,10,10,0,0,2,124,0,0,,57,0,outputs/tcases/cpp/p04028/summary.json,outputs/tcases/cpp/p04028/report.txt,outputs/tcases/cpp/p04028/detail.csv
p04030,ok,144,10,10,10,10,134,0,8,0,1.0,0,0,outputs/tcases/cpp/p04030/summary.json,outputs/tcases/cpp/p04030/report.txt,outputs/tcases/cpp/p04030/detail.csv
p04043,ok,126,10,10,15,15,111,0,6,9,0.4,9,0,outputs/tcases/cpp/p04043/summary.json,outputs/tcases/cpp/p04043/report.txt,outputs/tcases/cpp/p04043/detail.csv
p04047,ok,153,10,10,0,0,153,0,0,0,,0,0,outputs/tcases/cpp/p04047/summary.json,outputs/tcases/cpp/p04047/report.txt,outputs/tcases/cpp/p04047/detail.csv
p04051,ok,155,10,10,0,0,0,155,0,0,,155,0,outputs/tcases/cpp/p04051/summary.json,outputs/tcases/cpp/p04051/report.txt,outputs/tcases/cpp/p04051/detail.csv
